[
  {
    "lat": 60.15520484776921,
    "lng": 24.935444009979165,
    "type": "SOLO_STAND"
  },
  {
    "lat": 60.155610626697886,
    "lng": 24.936688554962075,
    "type": "SOLO_STAND"
  },
  {
    "lat": 60.15503399198496,
    "lng": 24.94029344387809,
    "type": "SOLO_STAND"
  },
  {
    "lat": 60.15541841625079,
    "lng": 24.942653787811196,
    "type": "SOLO_STAND"
  },
  {
    "lat": 60.155909618492835,
    "lng": 24.94651616879264,
    "type": "SOLO_STAND"
  },
  {
    "lat": 60.1562086075683,
    "lng": 24.949176920135415,
    "type": "SOLO_STAND"
  },
  {
    "lat": 60.154371917433366,
    "lng": 24.955142152984536,
    "type": "SOLO_STAND"
  },
  {
    "lat": 60.15535434585201,
    "lng": 24.958918703277504,
    "type": "SOLO_STAND"
  },
  {
    "lat": 60.15828010003984,
    "lng": 24.95900453396598,
    "type": "SOLO_STAND"
  },
  {
    "lat": 60.15866448634468,
    "lng": 24.95406926937858,
    "type": "SOLO_STAND"
  },
  {
    "lat": 60.15962543244024,
    "lng": 24.95424093075553,
    "type": "SOLO_STAND"
  },
  {
    "lat": 60.158258745113336,
    "lng": 24.941537988861,
    "type": "SOLO_STAND"
  },
  {
    "lat": 60.15849364854194,
    "lng": 24.945099962432778,
    "type": "BILLBOARD"
  },
  {
    "lat": 60.15795977468528,
    "lng": 24.935744417388833,
    "type": "SOLO_STAND"
  },
  {
    "lat": 60.15863245432428,
    "lng": 24.93456424542228,
    "type": "BILLBOARD"
  },
  {
    "lat": 60.158045195085045,
    "lng": 24.936495435913002,
    "type": "BILLBOARD"
  },
  {
    "lat": 60.15769283450516,
    "lng": 24.932976377685463,
    "type": "SOLO_STAND"
  },
  {
    "lat": 60.15722301452283,
    "lng": 24.92980064221183,
    "type": "SOLO_STAND"
  },
  {
    "lat": 60.15588826202626,
    "lng": 24.930465830047524,
    "type": "SOLO_STAND"
  },
  {
    "lat": 60.15928376593613,
    "lng": 24.937182081420815,
    "type": "SOLO_STAND"
  },
  {
    "lat": 60.16010589495252,
    "lng": 24.939392221649086,
    "type": "SOLO_STAND"
  },
  {
    "lat": 60.16083191386763,
    "lng": 24.938212049682534,
    "type": "BILLBOARD"
  },
  {
    "lat": 60.16117356427829,
    "lng": 24.937718523223793,
    "type": "SOLO_STAND"
  },
  {
    "lat": 60.16088529697841,
    "lng": 24.942138803680336,
    "type": "SOLO_STAND"
  },
  {
    "lat": 60.16148318189517,
    "lng": 24.941216123779213,
    "type": "SOLO_STAND"
  },
  {
    "lat": 60.16105612235022,
    "lng": 24.946408880432045,
    "type": "SOLO_STAND"
  },
  {
    "lat": 60.159572047283106,
    "lng": 24.946687830169594,
    "type": "SOLO_STAND"
  },
  {
    "lat": 60.15842958413698,
    "lng": 24.94928420849601,
    "type": "SOLO_STAND"
  },
  {
    "lat": 60.15751131394441,
    "lng": 24.94879068203727,
    "type": "SOLO_STAND"
  },
  {
    "lat": 60.15702013563631,
    "lng": 24.94507850476066,
    "type": "BILLBOARD"
  },
  {
    "lat": 60.157586057826116,
    "lng": 24.945400369842446,
    "type": "BILLBOARD"
  },
  {
    "lat": 60.1597108485113,
    "lng": 24.948640478332436,
    "type": "SOLO_STAND"
  },
  {
    "lat": 60.160415522627716,
    "lng": 24.948619020660317,
    "type": "SOLO_STAND"
  },
  {
    "lat": 60.16179279659517,
    "lng": 24.956193578918374,
    "type": "SOLO_STAND"
  },
  {
    "lat": 60.16371644229843,
    "lng": 24.954356973645417,
    "type": "SOLO_STAND"
  },
  {
    "lat": 60.16339616992515,
    "lng": 24.954721754071443,
    "type": "SOLO_STAND"
  },
  {
    "lat": 60.163129273896345,
    "lng": 24.955172365185945,
    "type": "SOLO_STAND"
  },
  {
    "lat": 60.16291717960563,
    "lng": 24.94628888892862,
    "type": "SOLO_STAND"
  },
  {
    "lat": 60.1635043517973,
    "lng": 24.945173089978425,
    "type": "SOLO_STAND"
  },
  {
    "lat": 60.16576753554414,
    "lng": 24.950494592663972,
    "type": "SOLO_STAND"
  },
  {
    "lat": 60.16776370503494,
    "lng": 24.952404325482576,
    "type": "SOLO_STAND"
  },
  {
    "lat": 60.16735807613264,
    "lng": 24.951696222302644,
    "type": "BILLBOARD"
  },
  {
    "lat": 60.164234794445946,
    "lng": 24.944100206372468,
    "type": "SOLO_STAND"
  },
  {
    "lat": 60.16559055819787,
    "lng": 24.943928544995515,
    "type": "SOLO_STAND"
  },
  {
    "lat": 60.1653845723363,
    "lng": 24.943310210886466,
    "type": "SOLO_STAND"
  },
  {
    "lat": 60.1675088588822,
    "lng": 24.942108581247794,
    "type": "SOLO_STAND"
  },
  {
    "lat": 60.16720997259513,
    "lng": 24.942537734690177,
    "type": "SOLO_STAND"
  },
  {
    "lat": 60.161754820255624,
    "lng": 24.92824692505883,
    "type": "SOLO_STAND"
  },
  {
    "lat": 60.16192564110787,
    "lng": 24.929362724009025,
    "type": "SOLO_STAND"
  },
  {
    "lat": 60.162224575462865,
    "lng": 24.930886218729484,
    "type": "SOLO_STAND"
  },
  {
    "lat": 60.16319609333759,
    "lng": 24.933611343088614,
    "type": "SOLO_STAND"
  },
  {
    "lat": 60.16353771917139,
    "lng": 24.93446964997338,
    "type": "SOLO_STAND"
  },
  {
    "lat": 60.16450919822659,
    "lng": 24.933074901285636,
    "type": "BILLBOARD"
  },
  {
    "lat": 60.16513904292692,
    "lng": 24.936014602365958,
    "type": "SOLO_STAND"
  },
  {
    "lat": 60.1647654076969,
    "lng": 24.938010165873038,
    "type": "SOLO_STAND"
  },
  {
    "lat": 60.16512836769359,
    "lng": 24.938868472757804,
    "type": "SOLO_STAND"
  },
  {
    "lat": 60.16451987366108,
    "lng": 24.93725914734887,
    "type": "BILLBOARD"
  },
  {
    "lat": 60.16292919568386,
    "lng": 24.9389757611184,
    "type": "SOLO_STAND"
  },
  {
    "lat": 60.16444514554688,
    "lng": 24.940370509806144,
    "type": "SOLO_STAND"
  },
  {
    "lat": 60.16346298882372,
    "lng": 24.941765258493888,
    "type": "SOLO_STAND"
  },
  {
    "lat": 60.163007575772234,
    "lng": 24.922847434839696,
    "type": "SOLO_STAND"
  },
  {
    "lat": 60.16259121209709,
    "lng": 24.923405334314793,
    "type": "SOLO_STAND"
  },
  {
    "lat": 60.162687296490326,
    "lng": 24.924585506281346,
    "type": "SOLO_STAND"
  },
  {
    "lat": 60.16326379695034,
    "lng": 24.92600171264121,
    "type": "SOLO_STAND"
  },
  {
    "lat": 60.1632424452618,
    "lng": 24.928040191492528,
    "type": "SOLO_STAND"
  },
  {
    "lat": 60.165099990267315,
    "lng": 24.925304338297337,
    "type": "SOLO_STAND"
  },
  {
    "lat": 60.16537754544644,
    "lng": 24.926355764231175,
    "type": "SOLO_STAND"
  },
  {
    "lat": 60.166167497355296,
    "lng": 24.92845861609885,
    "type": "SOLO_STAND"
  },
  {
    "lat": 60.16663718948735,
    "lng": 24.93000356849143,
    "type": "SOLO_STAND"
  },
  {
    "lat": 60.16585792387013,
    "lng": 24.93124811347434,
    "type": "SOLO_STAND"
  },
  {
    "lat": 60.16489715999997,
    "lng": 24.928372785410374,
    "type": "SOLO_STAND"
  },
  {
    "lat": 60.163419721774275,
    "lng": 24.91369963960301,
    "type": "BILLBOARD"
  },
  {
    "lat": 60.163462424907124,
    "lng": 24.914901269241682,
    "type": "BILLBOARD"
  },
  {
    "lat": 60.161113670195,
    "lng": 24.915781033798567,
    "type": "SOLO_STAND"
  },
  {
    "lat": 60.158775424914964,
    "lng": 24.914386285110822,
    "type": "SOLO_STAND"
  },
  {
    "lat": 60.159330639767525,
    "lng": 24.916489136978498,
    "type": "BILLBOARD"
  },
  {
    "lat": 60.15996058372345,
    "lng": 24.91846324281346,
    "type": "SOLO_STAND"
  },
  {
    "lat": 60.161476670526355,
    "lng": 24.9214244015659,
    "type": "SOLO_STAND"
  },
  {
    "lat": 60.16098555147373,
    "lng": 24.92144585923802,
    "type": "SOLO_STAND"
  },
  {
    "lat": 60.165287931944114,
    "lng": 24.911178396422315,
    "type": "SOLO_STAND"
  },
  {
    "lat": 60.16498368781374,
    "lng": 24.911650465208936,
    "type": "SOLO_STAND"
  },
  {
    "lat": 60.164700791621264,
    "lng": 24.912004516798902,
    "type": "SOLO_STAND"
  },
  {
    "lat": 60.167134686744994,
    "lng": 24.901222036559034,
    "type": "SOLO_STAND"
  },
  {
    "lat": 60.16711333757154,
    "lng": 24.90383987255757,
    "type": "SOLO_STAND"
  },
  {
    "lat": 60.16301403924462,
    "lng": 24.907916830260206,
    "type": "BILLBOARD"
  },
  {
    "lat": 60.163633236883605,
    "lng": 24.904612348753858,
    "type": "BILLBOARD"
  },
  {
    "lat": 60.1644018797906,
    "lng": 24.90830306835835,
    "type": "SOLO_STAND"
  },
  {
    "lat": 60.17012343411824,
    "lng": 24.92074851818745,
    "type": "BILLBOARD"
  },
  {
    "lat": 60.169141447113816,
    "lng": 24.92083434887593,
    "type": "SOLO_STAND"
  },
  {
    "lat": 60.167518969495205,
    "lng": 24.921134756285596,
    "type": "SOLO_STAND"
  },
  {
    "lat": 60.16826617308809,
    "lng": 24.92255096264546,
    "type": "BILLBOARD"
  },
  {
    "lat": 60.16926953403979,
    "lng": 24.92581252880757,
    "type": "SOLO_STAND"
  },
  {
    "lat": 60.16824482464981,
    "lng": 24.931434438902784,
    "type": "SOLO_STAND"
  },
  {
    "lat": 60.16826617308809,
    "lng": 24.927142904478956,
    "type": "SOLO_STAND"
  },
  {
    "lat": 60.16909875136087,
    "lng": 24.93602638073628,
    "type": "SOLO_STAND"
  },
  {
    "lat": 60.1712975104885,
    "lng": 24.93177776165669,
    "type": "SOLO_STAND"
  },
  {
    "lat": 60.171382896224145,
    "lng": 24.925469206053663,
    "type": "BILLBOARD"
  },
  {
    "lat": 60.17257827322091,
    "lng": 24.923151777464795,
    "type": "BILLBOARD"
  },
  {
    "lat": 60.1733467068926,
    "lng": 24.923108862120557,
    "type": "SOLO_STAND"
  },
  {
    "lat": 60.17402058584053,
    "lng": 24.92241224037616,
    "type": "BILLBOARD"
  },
  {
    "lat": 60.17564274239402,
    "lng": 24.92219766365497,
    "type": "SOLO_STAND"
  },
  {
    "lat": 60.178310588809225,
    "lng": 24.922841393818544,
    "type": "SOLO_STAND"
  },
  {
    "lat": 60.17901486410703,
    "lng": 24.91670449959247,
    "type": "BILLBOARD"
  },
  {
    "lat": 60.17779837910657,
    "lng": 24.9169619916579,
    "type": "SOLO_STAND"
  },
  {
    "lat": 60.17606961238296,
    "lng": 24.91794904457538,
    "type": "SOLO_STAND"
  },
  {
    "lat": 60.17414865374422,
    "lng": 24.91893609749286,
    "type": "SOLO_STAND"
  },
  {
    "lat": 60.1750399039315,
    "lng": 24.932949463553655,
    "type": "SOLO_STAND"
  },
  {
    "lat": 60.17585096705274,
    "lng": 24.931919495291936,
    "type": "SOLO_STAND"
  },
  {
    "lat": 60.17768645700839,
    "lng": 24.929644982047307,
    "type": "SOLO_STAND"
  },
  {
    "lat": 60.17055735182785,
    "lng": 24.939901749320256,
    "type": "BILLBOARD"
  },
  {
    "lat": 60.170536004878336,
    "lng": 24.94183293981098,
    "type": "SOLO_STAND"
  },
  {
    "lat": 60.170536004878336,
    "lng": 24.943635384268987,
    "type": "BILLBOARD"
  },
  {
    "lat": 60.17145391118283,
    "lng": 24.93754140538715,
    "type": "SOLO_STAND"
  },
  {
    "lat": 60.17034388170841,
    "lng": 24.938485542960393,
    "type": "SOLO_STAND"
  },
  {
    "lat": 60.17222237115572,
    "lng": 24.937198082633245,
    "type": "SOLO_STAND"
  },
  {
    "lat": 60.17222237115572,
    "lng": 24.938614288993108,
    "type": "BILLBOARD"
  },
  {
    "lat": 60.17307619448726,
    "lng": 24.93878595037006,
    "type": "BILLBOARD"
  },
  {
    "lat": 60.17386596131104,
    "lng": 24.938743035025823,
    "type": "SOLO_STAND"
  },
  {
    "lat": 60.169852895169655,
    "lng": 24.94526616735004,
    "type": "BILLBOARD"
  },
  {
    "lat": 60.175110222404356,
    "lng": 24.927000867177185,
    "type": "BILLBOARD"
  },
  {
    "lat": 60.174747372669245,
    "lng": 24.930519925404724,
    "type": "SOLO_STAND"
  },
  {
    "lat": 60.18010433499577,
    "lng": 24.915971623707946,
    "type": "SOLO_STAND"
  },
  {
    "lat": 60.18172619110053,
    "lng": 24.91537080888861,
    "type": "SOLO_STAND"
  },
  {
    "lat": 60.17931471816429,
    "lng": 24.923481808949646,
    "type": "SOLO_STAND"
  },
  {
    "lat": 60.17867447436334,
    "lng": 24.926743375111755,
    "type": "SOLO_STAND"
  },
  {
    "lat": 60.18016835715001,
    "lng": 24.92811666612738,
    "type": "SOLO_STAND"
  },
  {
    "lat": 60.18198226632123,
    "lng": 24.9271296132099,
    "type": "BILLBOARD"
  },
  {
    "lat": 60.18313458010264,
    "lng": 24.924468861867126,
    "type": "BILLBOARD"
  },
  {
    "lat": 60.183788661133875,
    "lng": 24.92489801530951,
    "type": "SOLO_STAND"
  },
  {
    "lat": 60.18479154801508,
    "lng": 24.922966824818786,
    "type": "SOLO_STAND"
  },
  {
    "lat": 60.184023382085755,
    "lng": 24.931764470387634,
    "type": "SOLO_STAND"
  },
  {
    "lat": 60.18496224911435,
    "lng": 24.93382440691107,
    "type": "SOLO_STAND"
  },
  {
    "lat": 60.172541427736306,
    "lng": 24.92790208940619,
    "type": "SOLO_STAND"
  },
  {
    "lat": 60.168655056352605,
    "lng": 24.93492008381054,
    "type": "SOLO_STAND"
  },
  {
    "lat": 60.17042690740139,
    "lng": 24.936980020333976,
    "type": "SOLO_STAND"
  },
  {
    "lat": 60.169765142888515,
    "lng": 24.933031808664055,
    "type": "BILLBOARD"
  },
  {
    "lat": 60.169316843225594,
    "lng": 24.930285226632805,
    "type": "BILLBOARD"
  },
  {
    "lat": 60.16974379542421,
    "lng": 24.93161560230419,
    "type": "SOLO_STAND"
  },
  {
    "lat": 60.16899662543546,
    "lng": 24.93985534839794,
    "type": "SOLO_STAND"
  },
  {
    "lat": 60.168121347551576,
    "lng": 24.93839622669384,
    "type": "SOLO_STAND"
  },
  {
    "lat": 60.166306672778525,
    "lng": 24.937967073251457,
    "type": "SOLO_STAND"
  },
  {
    "lat": 60.173427012475216,
    "lng": 24.907563976655865,
    "type": "SOLO_STAND"
  },
  {
    "lat": 60.17568951281523,
    "lng": 24.90945225180235,
    "type": "SOLO_STAND"
  },
  {
    "lat": 60.1646502921237,
    "lng": 24.948008874485936,
    "type": "SOLO_STAND"
  },
  {
    "lat": 60.166486407968755,
    "lng": 24.947751382420506,
    "type": "BILLBOARD"
  },
  {
    "lat": 60.17007294295434,
    "lng": 24.94843802792832,
    "type": "BILLBOARD"
  },
  {
    "lat": 60.17126836761655,
    "lng": 24.946506837437596,
    "type": "SOLO_STAND"
  },
  {
    "lat": 60.17182337142363,
    "lng": 24.944961885045018,
    "type": "SOLO_STAND"
  },
  {
    "lat": 60.173082768359876,
    "lng": 24.948738435337987,
    "type": "SOLO_STAND"
  },
  {
    "lat": 60.17427808350223,
    "lng": 24.950497964451756,
    "type": "SOLO_STAND"
  },
  {
    "lat": 60.17265585955357,
    "lng": 24.95341620785996,
    "type": "SOLO_STAND"
  },
  {
    "lat": 60.17064931384688,
    "lng": 24.953459123204198,
    "type": "SOLO_STAND"
  },
  {
    "lat": 60.16928308493772,
    "lng": 24.955218652317967,
    "type": "SOLO_STAND"
  },
  {
    "lat": 60.169496561949934,
    "lng": 24.95663485867783,
    "type": "SOLO_STAND"
  },
  {
    "lat": 60.167425776401636,
    "lng": 24.960969308445897,
    "type": "BILLBOARD"
  },
  {
    "lat": 60.16659315573409,
    "lng": 24.96367297513291,
    "type": "SOLO_STAND"
  },
  {
    "lat": 60.16725498413863,
    "lng": 24.96517501218125,
    "type": "SOLO_STAND"
  },
  {
    "lat": 60.16778870701276,
    "lng": 24.962943414280858,
    "type": "SOLO_STAND"
  },
  {
    "lat": 60.16921904156358,
    "lng": 24.950455049107518,
    "type": "SOLO_STAND"
  },
  {
    "lat": 60.168055565198685,
    "lng": 24.9498756919603,
    "type": "SOLO_STAND"
  },
  {
    "lat": 60.16797017081501,
    "lng": 24.946099141667332,
    "type": "SOLO_STAND"
  },
  {
    "lat": 60.16937914976488,
    "lng": 24.946399549077,
    "type": "BILLBOARD"
  },
  {
    "lat": 60.1764444813362,
    "lng": 24.958802083561864,
    "type": "SOLO_STAND"
  },
  {
    "lat": 60.1739685864331,
    "lng": 24.961591580937352,
    "type": "SOLO_STAND"
  },
  {
    "lat": 60.17258114994209,
    "lng": 24.961033681462254,
    "type": "SOLO_STAND"
  },
  {
    "lat": 60.17093749550123,
    "lng": 24.96013245923325,
    "type": "SOLO_STAND"
  },
  {
    "lat": 60.16980610115382,
    "lng": 24.95910249097153,
    "type": "SOLO_STAND"
  },
  {
    "lat": 60.17533462049283,
    "lng": 24.96167741162583,
    "type": "SOLO_STAND"
  },
  {
    "lat": 60.174331444771134,
    "lng": 24.955240109990086,
    "type": "SOLO_STAND"
  },
  {
    "lat": 60.17574015091824,
    "lng": 24.950304845402684,
    "type": "BILLBOARD"
  },
  {
    "lat": 60.17868543218559,
    "lng": 24.950347760746922,
    "type": "SOLO_STAND"
  },
  {
    "lat": 60.18030735836515,
    "lng": 24.94991860730454,
    "type": "SOLO_STAND"
  },
  {
    "lat": 60.18113963148974,
    "lng": 24.950004437993016,
    "type": "SOLO_STAND"
  },
  {
    "lat": 60.17838664757335,
    "lng": 24.95768628461167,
    "type": "SOLO_STAND"
  },
  {
    "lat": 60.17968847493204,
    "lng": 24.957772115300145,
    "type": "SOLO_STAND"
  },
  {
    "lat": 60.180883549697995,
    "lng": 24.959960797856297,
    "type": "SOLO_STAND"
  },
  {
    "lat": 60.173520344128534,
    "lng": 24.958287099431004,
    "type": "SOLO_STAND"
  },
  {
    "lat": 60.17516386934216,
    "lng": 24.957986692021336,
    "type": "SOLO_STAND"
  },
  {
    "lat": 60.173104675768286,
    "lng": 24.94327124953395,
    "type": "SOLO_STAND"
  },
  {
    "lat": 60.17312602104873,
    "lng": 24.946661561728774,
    "type": "SOLO_STAND"
  },
  {
    "lat": 60.165433184849924,
    "lng": 24.968151323167717,
    "type": "SOLO_STAND"
  },
  {
    "lat": 60.16434430293322,
    "lng": 24.970254175035393,
    "type": "SOLO_STAND"
  },
  {
    "lat": 60.16671417620462,
    "lng": 24.971498720018303,
    "type": "SOLO_STAND"
  },
  {
    "lat": 60.167247907863484,
    "lng": 24.973687402574456,
    "type": "SOLO_STAND"
  },
  {
    "lat": 60.167867025726245,
    "lng": 24.97604774650756,
    "type": "SOLO_STAND"
  },
  {
    "lat": 60.16801646622119,
    "lng": 24.96810840782348,
    "type": "BILLBOARD"
  },
  {
    "lat": 60.16899848684998,
    "lng": 24.966220132676995,
    "type": "SOLO_STAND"
  },
  {
    "lat": 60.16899848684998,
    "lng": 24.96355938133422,
    "type": "SOLO_STAND"
  },
  {
    "lat": 60.170544091650164,
    "lng": 24.972281554957817,
    "type": "SOLO_STAND"
  },
  {
    "lat": 60.153883664169214,
    "lng": 24.915689202182875,
    "type": "SOLO_STAND"
  },
  {
    "lat": 60.15567766839019,
    "lng": 24.919637413852797,
    "type": "SOLO_STAND"
  },
  {
    "lat": 60.15384094858974,
    "lng": 24.91877910696803,
    "type": "SOLO_STAND"
  },
  {
    "lat": 60.15610479782223,
    "lng": 24.921396942966567,
    "type": "BILLBOARD"
  },
  {
    "lat": 60.1580481666638,
    "lng": 24.921611519687758,
    "type": "SOLO_STAND"
  },
  {
    "lat": 60.159478925231085,
    "lng": 24.92135402762233,
    "type": "BILLBOARD"
  },
  {
    "lat": 60.15794139113901,
    "lng": 24.911397667759047,
    "type": "SOLO_STAND"
  },
  {
    "lat": 60.15958569576118,
    "lng": 24.911140175693617,
    "type": "BILLBOARD"
  },
  {
    "lat": 60.15975652788788,
    "lng": 24.908736916416274,
    "type": "SOLO_STAND"
  },
  {
    "lat": 60.16142209459086,
    "lng": 24.907492371433364,
    "type": "SOLO_STAND"
  },
  {
    "lat": 60.157001751564515,
    "lng": 24.907749863498793,
    "type": "SOLO_STAND"
  },
  {
    "lat": 60.15610479782223,
    "lng": 24.91405841910182,
    "type": "SOLO_STAND"
  },
  {
    "lat": 60.16248972115947,
    "lng": 24.915517540805922,
    "type": "SOLO_STAND"
  },
  {
    "lat": 60.1636000159995,
    "lng": 24.917191239231215,
    "type": "SOLO_STAND"
  },
  {
    "lat": 60.163728124528696,
    "lng": 24.919465752475844,
    "type": "BILLBOARD"
  },
  {
    "lat": 60.177597649564795,
    "lng": 24.95004799720141,
    "type": "SOLO_STAND"
  },
  {
    "lat": 60.18075616811283,
    "lng": 24.951721695626702,
    "type": "BILLBOARD"
  },
  {
    "lat": 60.18141771122356,
    "lng": 24.95403912421557,
    "type": "SOLO_STAND"
  },
  {
    "lat": 60.182527366515174,
    "lng": 24.956571129525628,
    "type": "SOLO_STAND"
  },
  {
    "lat": 60.183743676352066,
    "lng": 24.958888558114495,
    "type": "SOLO_STAND"
  },
  {
    "lat": 60.183380921992736,
    "lng": 24.94082119819018,
    "type": "BILLBOARD"
  },
  {
    "lat": 60.186176160865145,
    "lng": 24.94082119819018,
    "type": "BILLBOARD"
  },
  {
    "lat": 60.18664556695671,
    "lng": 24.94700100776049,
    "type": "SOLO_STAND"
  },
  {
    "lat": 60.18681625841697,
    "lng": 24.948889282906975,
    "type": "SOLO_STAND"
  },
  {
    "lat": 60.18675224922338,
    "lng": 24.950605896676507,
    "type": "SOLO_STAND"
  },
  {
    "lat": 60.18713630251303,
    "lng": 24.9522795951018,
    "type": "BILLBOARD"
  },
  {
    "lat": 60.18779771709179,
    "lng": 24.953180817330804,
    "type": "SOLO_STAND"
  },
  {
    "lat": 60.18722164707841,
    "lng": 24.953953293527093,
    "type": "SOLO_STAND"
  },
  {
    "lat": 60.18745634348926,
    "lng": 24.955326584542718,
    "type": "BILLBOARD"
  },
  {
    "lat": 60.18385036804802,
    "lng": 24.952365425790276,
    "type": "SOLO_STAND"
  },
  {
    "lat": 60.18299682477356,
    "lng": 24.944855240548577,
    "type": "SOLO_STAND"
  },
  {
    "lat": 60.18165244912392,
    "lng": 24.94876053687426,
    "type": "BILLBOARD"
  },
  {
    "lat": 60.18532267804986,
    "lng": 24.960691002572503,
    "type": "SOLO_STAND"
  },
  {
    "lat": 60.186325518076806,
    "lng": 24.961205986703362,
    "type": "SOLO_STAND"
  },
  {
    "lat": 60.184319807391645,
    "lng": 24.954897431100335,
    "type": "SOLO_STAND"
  },
  {
    "lat": 60.18598412916609,
    "lng": 24.957129029000725,
    "type": "SOLO_STAND"
  },
  {
    "lat": 60.186154824065156,
    "lng": 24.9592318808684,
    "type": "SOLO_STAND"
  },
  {
    "lat": 60.18169512856187,
    "lng": 24.95730069037768,
    "type": "SOLO_STAND"
  },
  {
    "lat": 60.17981718081559,
    "lng": 24.954940346444573,
    "type": "SOLO_STAND"
  },
  {
    "lat": 60.17966779399738,
    "lng": 24.95030548926684,
    "type": "SOLO_STAND"
  },
  {
    "lat": 60.184319807391645,
    "lng": 24.965154198373284,
    "type": "SOLO_STAND"
  },
  {
    "lat": 60.18540802732978,
    "lng": 24.96704247351977,
    "type": "BILLBOARD"
  },
  {
    "lat": 60.18707229394343,
    "lng": 24.968802002633538,
    "type": "SOLO_STAND"
  },
  {
    "lat": 60.182591383945635,
    "lng": 24.962107208932366,
    "type": "SOLO_STAND"
  },
  {
    "lat": 60.18169512856187,
    "lng": 24.96073391791674,
    "type": "SOLO_STAND"
  },
  {
    "lat": 60.1857494222308,
    "lng": 24.937602547372308,
    "type": "SOLO_STAND"
  },
  {
    "lat": 60.1878403885425,
    "lng": 24.944168595040765,
    "type": "SOLO_STAND"
  },
  {
    "lat": 60.18993122168654,
    "lng": 24.947730568612542,
    "type": "SOLO_STAND"
  },
  {
    "lat": 60.18540802732978,
    "lng": 24.916659859384026,
    "type": "SOLO_STAND"
  },
  {
    "lat": 60.18370099957663,
    "lng": 24.915372399056878,
    "type": "SOLO_STAND"
  },
  {
    "lat": 60.18536535271755,
    "lng": 24.909020928109612,
    "type": "BILLBOARD"
  },
  {
    "lat": 60.18199388307448,
    "lng": 24.91983559485766,
    "type": "BILLBOARD"
  },
  {
    "lat": 60.18062812597143,
    "lng": 24.921638039315667,
    "type": "SOLO_STAND"
  },
  {
    "lat": 60.17200547317768,
    "lng": 24.920178917611565,
    "type": "BILLBOARD"
  }
]