[
  {
    "lat": 60.15520484776921,
    "lng": 24.935444009979165,
    "type": "SOLO_STAND",
    "address": "Merikatu 33, 00150 Helsinki, Finland",
    "id": 0
  },
  {
    "lat": 60.155610626697886,
    "lng": 24.936688554962075,
    "type": "SOLO_STAND",
    "address": "Armfeltintie 2, 00150 Helsinki, Finland",
    "id": 1
  },
  {
    "lat": 60.15503399198496,
    "lng": 24.94029344387809,
    "type": "SOLO_STAND",
    "address": "Merikatu 25, 00150 Helsinki, Finland",
    "id": 2
  },
  {
    "lat": 60.15541841625079,
    "lng": 24.942653787811196,
    "type": "SOLO_STAND",
    "address": "Laivurinkatu 3, 00150 Helsinki, Finland",
    "id": 3
  },
  {
    "lat": 60.155909618492835,
    "lng": 24.94651616879264,
    "type": "SOLO_STAND",
    "address": "Merikatu 9, 00140 Helsinki, Finland",
    "id": 4
  },
  {
    "lat": 60.1562086075683,
    "lng": 24.949176920135415,
    "type": "SOLO_STAND",
    "address": "Merikatu 3, 00140 Helsinki, Finland",
    "id": 5
  },
  {
    "lat": 60.154371917433366,
    "lng": 24.955142152984536,
    "type": "SOLO_STAND",
    "address": "Ehrenstr\u00f6mintie, 00140 Helsinki, Finland",
    "id": 6
  },
  {
    "lat": 60.15535434585201,
    "lng": 24.958918703277504,
    "type": "SOLO_STAND",
    "address": "Ehrenstr\u00f6mintie 3, 00140 Helsinki, Finland",
    "id": 7
  },
  {
    "lat": 60.15828010003984,
    "lng": 24.95900453396598,
    "type": "SOLO_STAND",
    "address": "It\u00e4inen Puistotie 8, 00140 Helsinki, Finland",
    "id": 8
  },
  {
    "lat": 60.15866448634468,
    "lng": 24.95406926937858,
    "type": "SOLO_STAND",
    "address": "Parkgatan 1, 00140 Helsingfors, Finland",
    "id": 9
  },
  {
    "lat": 60.15962543244024,
    "lng": 24.95424093075553,
    "type": "SOLO_STAND",
    "address": "Ullankatu 2, 00140 Helsinki, Finland",
    "id": 10
  },
  {
    "lat": 60.158258745113336,
    "lng": 24.941537988861,
    "type": "SOLO_STAND",
    "address": "Tehtaankatu 21, 00150 Helsinki, Finland",
    "id": 11
  },
  {
    "lat": 60.15849364854194,
    "lng": 24.945099962432778,
    "type": "BILLBOARD",
    "address": "Tehtaankatu 11, 00140 Helsinki, Finland",
    "id": 12
  },
  {
    "lat": 60.15795977468528,
    "lng": 24.935744417388833,
    "type": "SOLO_STAND",
    "address": "Tehtaankatu 25 B 43 HELSINKI, 00150, Finland",
    "id": 13
  },
  {
    "lat": 60.15863245432428,
    "lng": 24.93456424542228,
    "type": "BILLBOARD",
    "address": "Pursimiehenkatu 29-31, 00150 Helsinki, Finland",
    "id": 14
  },
  {
    "lat": 60.158045195085045,
    "lng": 24.936495435913002,
    "type": "BILLBOARD",
    "address": "Sep\u00e4nkatu 21, 00150 Helsinki, Finland",
    "id": 15
  },
  {
    "lat": 60.15769283450516,
    "lng": 24.932976377685463,
    "type": "SOLO_STAND",
    "address": "Munkholmsgatan 21, 00150 Helsingfors, Finland",
    "id": 16
  },
  {
    "lat": 60.15722301452283,
    "lng": 24.92980064221183,
    "type": "SOLO_STAND",
    "address": "Munkkisaarenkatu 16, 00150 Helsinki, Finland",
    "id": 17
  },
  {
    "lat": 60.15588826202626,
    "lng": 24.930465830047524,
    "type": "SOLO_STAND",
    "address": "\u00c4rtholmsgatan, 00150 Helsingfors, Finland",
    "id": 18
  },
  {
    "lat": 60.15928376593613,
    "lng": 24.937182081420815,
    "type": "SOLO_STAND",
    "address": "Kankurinkatu 5, 00150 Helsinki, Finland",
    "id": 19
  },
  {
    "lat": 60.16010589495252,
    "lng": 24.939392221649086,
    "type": "SOLO_STAND",
    "address": "Albertinkatu 5, 00150 Helsinki, Finland",
    "id": 20
  },
  {
    "lat": 60.16083191386763,
    "lng": 24.938212049682534,
    "type": "BILLBOARD",
    "address": "Merimiehenkatu, 00150 Helsinki, Finland",
    "id": 21
  },
  {
    "lat": 60.16117356427829,
    "lng": 24.937718523223793,
    "type": "SOLO_STAND",
    "address": "Albertinkatu 15, 00120 Helsinki, Finland",
    "id": 22
  },
  {
    "lat": 60.16088529697841,
    "lng": 24.942138803680336,
    "type": "SOLO_STAND",
    "address": "Tarkk'ampujankatu 17, 00120 Helsinki, Finland",
    "id": 23
  },
  {
    "lat": 60.16148318189517,
    "lng": 24.941216123779213,
    "type": "SOLO_STAND",
    "address": "Sj\u00f6mansgatan 13, 00120 Helsingfors, Finland",
    "id": 24
  },
  {
    "lat": 60.16105612235022,
    "lng": 24.946408880432045,
    "type": "SOLO_STAND",
    "address": "H\u00f6gbergsgatan 8, 00120 Helsingfors, Finland",
    "id": 25
  },
  {
    "lat": 60.159572047283106,
    "lng": 24.946687830169594,
    "type": "SOLO_STAND",
    "address": "H\u00f6gbergsgatan 1, 00140 Helsingfors, Finland",
    "id": 26
  },
  {
    "lat": 60.15842958413698,
    "lng": 24.94928420849601,
    "type": "SOLO_STAND",
    "address": "Tehtaankatu 12, 00140 Helsinki, Finland",
    "id": 27
  },
  {
    "lat": 60.15751131394441,
    "lng": 24.94879068203727,
    "type": "SOLO_STAND",
    "address": "Pietarinkatu 9, 00140 Helsinki, Finland",
    "id": 28
  },
  {
    "lat": 60.15702013563631,
    "lng": 24.94507850476066,
    "type": "BILLBOARD",
    "address": "Kaptensgatan 10, 00140 Helsingfors, Finland",
    "id": 29
  },
  {
    "lat": 60.157586057826116,
    "lng": 24.945400369842446,
    "type": "BILLBOARD",
    "address": "Kapteeninpuistikko, 00140 Helsinki, Finland",
    "id": 30
  },
  {
    "lat": 60.1597108485113,
    "lng": 24.948640478332436,
    "type": "SOLO_STAND",
    "address": "Vuorimiehenkatu 21, 00140 Helsinki, Finland",
    "id": 31
  },
  {
    "lat": 60.160415522627716,
    "lng": 24.948619020660317,
    "type": "SOLO_STAND",
    "address": "Kasarmikatu 3, 00140 Helsinki, Finland",
    "id": 32
  },
  {
    "lat": 60.16179279659517,
    "lng": 24.956193578918374,
    "type": "SOLO_STAND",
    "address": "Olympiaterminaali, 00140 Helsinki, Finland",
    "id": 33
  },
  {
    "lat": 60.16371644229843,
    "lng": 24.954356973645417,
    "type": "SOLO_STAND",
    "address": "Etel\u00e4ranta 7, 00130 Helsinki, Finland",
    "id": 34
  },
  {
    "lat": 60.16339616992515,
    "lng": 24.954721754071443,
    "type": "SOLO_STAND",
    "address": "Magasinterminalen, 00130 Helsingfors, Finland",
    "id": 35
  },
  {
    "lat": 60.163129273896345,
    "lng": 24.955172365185945,
    "type": "SOLO_STAND",
    "address": "Etel\u00e4ranta 7, 00130 Helsinki, Finland",
    "id": 36
  },
  {
    "lat": 60.16291717960563,
    "lng": 24.94628888892862,
    "type": "SOLO_STAND",
    "address": "Johanneskyrkan, 00120 Helsingfors, Finland",
    "id": 37
  },
  {
    "lat": 60.1635043517973,
    "lng": 24.945173089978425,
    "type": "SOLO_STAND",
    "address": "Yrj\u00f6nkatu 1, 00101 Helsinki, Finland",
    "id": 38
  },
  {
    "lat": 60.16576753554414,
    "lng": 24.950494592663972,
    "type": "SOLO_STAND",
    "address": "Pohjoinen Makasiinikatu b6, 00130 Helsinki, Finland",
    "id": 39
  },
  {
    "lat": 60.16776370503494,
    "lng": 24.952404325482576,
    "type": "SOLO_STAND",
    "address": "Etel\u00e4ranta 20, 00101 Helsinki, Finland",
    "id": 40
  },
  {
    "lat": 60.16735807613264,
    "lng": 24.951696222302644,
    "type": "BILLBOARD",
    "address": "Kauppatori, 00130 Helsinki, Finland",
    "id": 41
  },
  {
    "lat": 60.164234794445946,
    "lng": 24.944100206372468,
    "type": "SOLO_STAND",
    "address": "Iso Roobertinkatu 1, 00120 Helsinki, Finland",
    "id": 42
  },
  {
    "lat": 60.16559055819787,
    "lng": 24.943928544995515,
    "type": "SOLO_STAND",
    "address": "Erottajankatu 13, 00130 Helsinki, Finland",
    "id": 43
  },
  {
    "lat": 60.1653845723363,
    "lng": 24.943310210886466,
    "type": "SOLO_STAND",
    "address": "Uudenmaankatu 3, 00120 Helsinki, Finland",
    "id": 44
  },
  {
    "lat": 60.1675088588822,
    "lng": 24.942108581247794,
    "type": "SOLO_STAND",
    "address": "Mannerheimintie 1, 00100 Helsinki, Finland",
    "id": 45
  },
  {
    "lat": 60.16720997259513,
    "lng": 24.942537734690177,
    "type": "SOLO_STAND",
    "address": "Mannerheimintie 6, 00100 Helsinki, Finland",
    "id": 46
  },
  {
    "lat": 60.161754820255624,
    "lng": 24.92824692505883,
    "type": "SOLO_STAND",
    "address": "Hietalahdenranta 13, 00180 Helsinki, Finland",
    "id": 47
  },
  {
    "lat": 60.16192564110787,
    "lng": 24.929362724009025,
    "type": "SOLO_STAND",
    "address": "Hietalahdentori, 00180 Helsinki, Finland",
    "id": 48
  },
  {
    "lat": 60.162224575462865,
    "lng": 24.930886218729484,
    "type": "SOLO_STAND",
    "address": "Bulevardi 46, 00120 Helsinki, Finland",
    "id": 49
  },
  {
    "lat": 60.16319609333759,
    "lng": 24.933611343088614,
    "type": "SOLO_STAND",
    "address": "Bulevardi 25, 00101 Helsinki, Finland",
    "id": 50
  },
  {
    "lat": 60.16353771917139,
    "lng": 24.93446964997338,
    "type": "SOLO_STAND",
    "address": "Bulevardi 23, 00180 Helsinki, Finland",
    "id": 51
  },
  {
    "lat": 60.16450919822659,
    "lng": 24.933074901285636,
    "type": "BILLBOARD",
    "address": "Albertinkatu 29, 00101 Helsinki, Finland",
    "id": 52
  },
  {
    "lat": 60.16513904292692,
    "lng": 24.936014602365958,
    "type": "SOLO_STAND",
    "address": "Fredrikinkatu 41, 00100 Helsinki, Finland",
    "id": 53
  },
  {
    "lat": 60.1647654076969,
    "lng": 24.938010165873038,
    "type": "SOLO_STAND",
    "address": "Fredrikinkatu, 00100 Helsinki, Finland",
    "id": 54
  },
  {
    "lat": 60.16512836769359,
    "lng": 24.938868472757804,
    "type": "SOLO_STAND",
    "address": "Bulevardi 5, 00100 Helsinki, Finland",
    "id": 55
  },
  {
    "lat": 60.16451987366108,
    "lng": 24.93725914734887,
    "type": "BILLBOARD",
    "address": "Fredrikinkatu, 00100 Helsinki, Finland",
    "id": 56
  },
  {
    "lat": 60.16292919568386,
    "lng": 24.9389757611184,
    "type": "SOLO_STAND",
    "address": "Fredrikinkatu 20, 00120 Helsinki, Finland",
    "id": 57
  },
  {
    "lat": 60.16444514554688,
    "lng": 24.940370509806144,
    "type": "SOLO_STAND",
    "address": "YRJ\u00d6NKATU, Uudenmaankatu 8A, 00120 Helsinki, Finland",
    "id": 58
  },
  {
    "lat": 60.16346298882372,
    "lng": 24.941765258493888,
    "type": "SOLO_STAND",
    "address": "Annankatu 5, 00120 Helsinki, Finland",
    "id": 59
  },
  {
    "lat": 60.163007575772234,
    "lng": 24.922847434839696,
    "type": "SOLO_STAND",
    "address": "L\u00e4nsilinkki, 00180 Helsinki, Finland",
    "id": 60
  },
  {
    "lat": 60.16259121209709,
    "lng": 24.923405334314793,
    "type": "SOLO_STAND",
    "address": "L\u00e4nsilinkki, 00180 Helsinki, Finland",
    "id": 61
  },
  {
    "lat": 60.162687296490326,
    "lng": 24.924585506281346,
    "type": "SOLO_STAND",
    "address": "Kalevagatan 56c, 00180 Helsingfors, Finland",
    "id": 62
  },
  {
    "lat": 60.16326379695034,
    "lng": 24.92600171264121,
    "type": "SOLO_STAND",
    "address": "Kalevagatan 57, 00180 Helsingfors, Finland",
    "id": 63
  },
  {
    "lat": 60.1632424452618,
    "lng": 24.928040191492528,
    "type": "SOLO_STAND",
    "address": "Sandviksgatan 1, 00180 Helsingfors, Finland",
    "id": 64
  },
  {
    "lat": 60.165099990267315,
    "lng": 24.925304338297337,
    "type": "SOLO_STAND",
    "address": "Lapinrinne, 00101 Helsinki, Finland",
    "id": 65
  },
  {
    "lat": 60.16537754544644,
    "lng": 24.926355764231175,
    "type": "SOLO_STAND",
    "address": "Gr\u00e4sviksgatan 9, 00101 Helsingfors, Finland",
    "id": 66
  },
  {
    "lat": 60.166167497355296,
    "lng": 24.92845861609885,
    "type": "SOLO_STAND",
    "address": "Gr\u00e4sviksgatan 8, 00101 Helsingfors, Finland",
    "id": 67
  },
  {
    "lat": 60.16663718948735,
    "lng": 24.93000356849143,
    "type": "SOLO_STAND",
    "address": "Lappviksgatan 7, 00100 Helsingfors, Finland",
    "id": 68
  },
  {
    "lat": 60.16585792387013,
    "lng": 24.93124811347434,
    "type": "SOLO_STAND",
    "address": "Eriksgatan 28, 00180 Helsingfors, Finland",
    "id": 69
  },
  {
    "lat": 60.16489715999997,
    "lng": 24.928372785410374,
    "type": "SOLO_STAND",
    "address": "Abrahaminkatu 15a, 00180 Helsinki, Finland",
    "id": 70
  },
  {
    "lat": 60.163419721774275,
    "lng": 24.91369963960301,
    "type": "BILLBOARD",
    "address": "It\u00e4merenkatu 17, 00101 Helsinki, Finland",
    "id": 71
  },
  {
    "lat": 60.163462424907124,
    "lng": 24.914901269241682,
    "type": "BILLBOARD",
    "address": "Gr\u00e4sviken (M), 00180 Helsingfors, Finland",
    "id": 72
  },
  {
    "lat": 60.161113670195,
    "lng": 24.915781033798567,
    "type": "SOLO_STAND",
    "address": "Bottenhavsgatan 7, 00180 Helsingfors, Finland",
    "id": 73
  },
  {
    "lat": 60.158775424914964,
    "lng": 24.914386285110822,
    "type": "SOLO_STAND",
    "address": "Messityt\u00f6nkuja 1, 00220 Helsinki, Finland",
    "id": 74
  },
  {
    "lat": 60.159330639767525,
    "lng": 24.916489136978498,
    "type": "BILLBOARD",
    "address": "Laivapojankuja 6, 00220 Helsinki, Finland",
    "id": 75
  },
  {
    "lat": 60.15996058372345,
    "lng": 24.91846324281346,
    "type": "SOLO_STAND",
    "address": "Medelhavsgatan 8, 00220 Helsingfors, Finland",
    "id": 76
  },
  {
    "lat": 60.161476670526355,
    "lng": 24.9214244015659,
    "type": "SOLO_STAND",
    "address": "Laivapojankatu 3, 00180 Helsinki, Finland",
    "id": 77
  },
  {
    "lat": 60.16098555147373,
    "lng": 24.92144585923802,
    "type": "SOLO_STAND",
    "address": "Saukonkuja 1, 00220 Helsinki, Finland",
    "id": 78
  },
  {
    "lat": 60.165287931944114,
    "lng": 24.911178396422315,
    "type": "SOLO_STAND",
    "address": "Sundholmsgatan 7, 00180 Helsingfors, Finland",
    "id": 79
  },
  {
    "lat": 60.16498368781374,
    "lng": 24.911650465208936,
    "type": "SOLO_STAND",
    "address": "Porkalagatan 3, 00180 Helsingfors, Finland",
    "id": 80
  },
  {
    "lat": 60.164700791621264,
    "lng": 24.912004516798902,
    "type": "SOLO_STAND",
    "address": "L\u00e4nsiv\u00e4yl\u00e4, 00180 Helsinki, Finland",
    "id": 81
  },
  {
    "lat": 60.167134686744994,
    "lng": 24.901222036559034,
    "type": "SOLO_STAND",
    "address": "Kolkajsgr\u00e4nden 3, 00180 Helsingfors, Finland",
    "id": 82
  },
  {
    "lat": 60.16711333757154,
    "lng": 24.90383987255757,
    "type": "SOLO_STAND",
    "address": "Energistig 3, 00180 Helsingfors, Finland",
    "id": 83
  },
  {
    "lat": 60.16301403924462,
    "lng": 24.907916830260206,
    "type": "BILLBOARD",
    "address": "Kaapelitehdas, 00180 Helsinki, Finland",
    "id": 84
  },
  {
    "lat": 60.163633236883605,
    "lng": 24.904612348753858,
    "type": "BILLBOARD",
    "address": "Porkkalankatu 11, 00180 Helsinki, Finland",
    "id": 85
  },
  {
    "lat": 60.1644018797906,
    "lng": 24.90830306835835,
    "type": "SOLO_STAND",
    "address": "Porkkalankatu 7, 00180 Helsinki, Finland",
    "id": 86
  },
  {
    "lat": 60.17012343411824,
    "lng": 24.92074851818745,
    "type": "BILLBOARD",
    "address": "Mechelingatan 5, 00100 Helsingfors, Finland",
    "id": 87
  },
  {
    "lat": 60.169141447113816,
    "lng": 24.92083434887593,
    "type": "SOLO_STAND",
    "address": "Mechelininkatu 3, 00100 Helsinki, Finland",
    "id": 88
  },
  {
    "lat": 60.167518969495205,
    "lng": 24.921134756285596,
    "type": "SOLO_STAND",
    "address": "Maria, 00180 Helsinki, Finland",
    "id": 89
  },
  {
    "lat": 60.16826617308809,
    "lng": 24.92255096264546,
    "type": "BILLBOARD",
    "address": "Pohjoinen Rautatiekatu 31, 00100 Helsinki, Finland",
    "id": 90
  },
  {
    "lat": 60.16926953403979,
    "lng": 24.92581252880757,
    "type": "SOLO_STAND",
    "address": "Pohjoinen Rautatiekatu 25, 00100 Helsinki, Finland",
    "id": 91
  },
  {
    "lat": 60.16824482464981,
    "lng": 24.931434438902784,
    "type": "SOLO_STAND",
    "address": "Kampin metroasema, 00100 Helsinki, Finland",
    "id": 92
  },
  {
    "lat": 60.16826617308809,
    "lng": 24.927142904478956,
    "type": "SOLO_STAND",
    "address": "Malminkatu 3, 00100 Helsinki, Finland",
    "id": 93
  },
  {
    "lat": 60.16909875136087,
    "lng": 24.93602638073628,
    "type": "SOLO_STAND",
    "address": "Simonkatu 9, 00100 Helsinki, Finland",
    "id": 94
  },
  {
    "lat": 60.1712975104885,
    "lng": 24.93177776165669,
    "type": "SOLO_STAND",
    "address": "Pohjoinen Rautatiekatu 13, 00100 Helsinki, Finland",
    "id": 95
  },
  {
    "lat": 60.171382896224145,
    "lng": 24.925469206053663,
    "type": "BILLBOARD",
    "address": "Arkadiagatan 23, 00100 Helsingfors, Finland",
    "id": 96
  },
  {
    "lat": 60.17257827322091,
    "lng": 24.923151777464795,
    "type": "BILLBOARD",
    "address": "Runeberginkatu 29a, 00100 Helsinki, Finland",
    "id": 97
  },
  {
    "lat": 60.1733467068926,
    "lng": 24.923108862120557,
    "type": "SOLO_STAND",
    "address": "Runeberginkatu 31a, 00100 Helsinki, Finland",
    "id": 98
  },
  {
    "lat": 60.17402058584053,
    "lng": 24.92241224037616,
    "type": "BILLBOARD",
    "address": "Runeberginkatu 33b, 00100 Helsinki, Finland",
    "id": 99
  },
  {
    "lat": 60.17564274239402,
    "lng": 24.92219766365497,
    "type": "SOLO_STAND",
    "address": "Runeberginkatu 41, 00100 Helsinki, Finland",
    "id": 100
  },
  {
    "lat": 60.178310588809225,
    "lng": 24.922841393818544,
    "type": "SOLO_STAND",
    "address": "Runeberginkatu 51c, 00260 Helsinki, Finland",
    "id": 101
  },
  {
    "lat": 60.17901486410703,
    "lng": 24.91670449959247,
    "type": "BILLBOARD",
    "address": "Mechelininkatu 34, 00260 Helsinki, Finland",
    "id": 102
  },
  {
    "lat": 60.17779837910657,
    "lng": 24.9169619916579,
    "type": "SOLO_STAND",
    "address": "Mechelingatan 32, 00260 Helsingfors, Finland",
    "id": 103
  },
  {
    "lat": 60.17606961238296,
    "lng": 24.91794904457538,
    "type": "SOLO_STAND",
    "address": "Taivallahti, 00100 Helsinki, Finland",
    "id": 104
  },
  {
    "lat": 60.17414865374422,
    "lng": 24.91893609749286,
    "type": "SOLO_STAND",
    "address": "Mechelingatan b23, 00100 Helsingfors, Finland",
    "id": 105
  },
  {
    "lat": 60.1750399039315,
    "lng": 24.932949463553655,
    "type": "SOLO_STAND",
    "address": "Kansallismuseo, 00100 Helsinki, Finland",
    "id": 106
  },
  {
    "lat": 60.17585096705274,
    "lng": 24.931919495291936,
    "type": "SOLO_STAND",
    "address": "Mannerheimintie 34, 00100 Helsinki, Finland",
    "id": 107
  },
  {
    "lat": 60.17768645700839,
    "lng": 24.929644982047307,
    "type": "SOLO_STAND",
    "address": "Mannerheimintie 40, 00100 Helsinki, Finland",
    "id": 108
  },
  {
    "lat": 60.17055735182785,
    "lng": 24.939901749320256,
    "type": "BILLBOARD",
    "address": "Asema-aukio 3, 00101 Helsinki, Finland",
    "id": 109
  },
  {
    "lat": 60.170536004878336,
    "lng": 24.94183293981098,
    "type": "SOLO_STAND",
    "address": "Elielinaukio 5, 00100 Helsinki, Finland",
    "id": 110
  },
  {
    "lat": 60.170536004878336,
    "lng": 24.943635384268987,
    "type": "BILLBOARD",
    "address": "Kaivokatu 4, 00101 Helsinki, Finland",
    "id": 111
  },
  {
    "lat": 60.17145391118283,
    "lng": 24.93754140538715,
    "type": "SOLO_STAND",
    "address": "Mannerheiminaukio 1b, 00100 Helsinki, Finland",
    "id": 112
  },
  {
    "lat": 60.17034388170841,
    "lng": 24.938485542960393,
    "type": "SOLO_STAND",
    "address": "Asema-aukio 2, 00100 Helsinki, Finland",
    "id": 113
  },
  {
    "lat": 60.17222237115572,
    "lng": 24.937198082633245,
    "type": "SOLO_STAND",
    "address": "T\u00f6l\u00f6viksgatan 2, 00100 Helsingfors, Finland",
    "id": 114
  },
  {
    "lat": 60.17222237115572,
    "lng": 24.938614288993108,
    "type": "BILLBOARD",
    "address": "T\u00f6l\u00f6viksgatan 2, 00100 Helsingfors, Finland",
    "id": 115
  },
  {
    "lat": 60.17307619448726,
    "lng": 24.93878595037006,
    "type": "BILLBOARD",
    "address": "T\u00f6\u00f6l\u00f6nlahdenkatu 3, 00100 Helsinki, Finland",
    "id": 116
  },
  {
    "lat": 60.17386596131104,
    "lng": 24.938743035025823,
    "type": "SOLO_STAND",
    "address": "T\u00f6\u00f6l\u00f6nlahdenkatu 3, 00100 Helsinki, Finland",
    "id": 117
  },
  {
    "lat": 60.169852895169655,
    "lng": 24.94526616735004,
    "type": "BILLBOARD",
    "address": "Mikonkatu 8, 00100 Helsinki, Finland",
    "id": 118
  },
  {
    "lat": 60.175110222404356,
    "lng": 24.927000867177185,
    "type": "BILLBOARD",
    "address": "F\u00e4nrik St\u00e5ls gatan a2, 00100 Helsingfors, Finland",
    "id": 119
  },
  {
    "lat": 60.174747372669245,
    "lng": 24.930519925404724,
    "type": "SOLO_STAND",
    "address": "T\u00f6l\u00f6gatan 5, 00100 Helsingfors, Finland",
    "id": 120
  },
  {
    "lat": 60.18010433499577,
    "lng": 24.915971623707946,
    "type": "SOLO_STAND",
    "address": "Mechelininkatu 36, 00260 Helsinki, Finland",
    "id": 121
  },
  {
    "lat": 60.18172619110053,
    "lng": 24.91537080888861,
    "type": "SOLO_STAND",
    "address": "Sibelius Park, Mechelininkatu, 00250 Helsinki, Finland",
    "id": 122
  },
  {
    "lat": 60.17931471816429,
    "lng": 24.923481808949646,
    "type": "SOLO_STAND",
    "address": "Tykist\u00f6nkatu 13, 00260 Helsinki, Finland",
    "id": 123
  },
  {
    "lat": 60.17867447436334,
    "lng": 24.926743375111755,
    "type": "SOLO_STAND",
    "address": "T\u00f6\u00f6l\u00f6nkatu 28, 00260 Helsinki, Finland",
    "id": 124
  },
  {
    "lat": 60.18016835715001,
    "lng": 24.92811666612738,
    "type": "SOLO_STAND",
    "address": "Mannerheimintie 50 HELSINKI, 00260, Finland",
    "id": 125
  },
  {
    "lat": 60.18198226632123,
    "lng": 24.9271296132099,
    "type": "BILLBOARD",
    "address": "Ooppera, 00260 Helsinki, Finland",
    "id": 126
  },
  {
    "lat": 60.18313458010264,
    "lng": 24.924468861867126,
    "type": "BILLBOARD",
    "address": "Sibeliusgatan 1, 00250 Helsingfors, Finland",
    "id": 127
  },
  {
    "lat": 60.183788661133875,
    "lng": 24.92489801530951,
    "type": "SOLO_STAND",
    "address": "Mannerheimintie 17, 00250 Helsinki, Finland",
    "id": 128
  },
  {
    "lat": 60.18479154801508,
    "lng": 24.922966824818786,
    "type": "SOLO_STAND",
    "address": "Mannerheimintie 21, 00250 Helsinki, Finland",
    "id": 129
  },
  {
    "lat": 60.184023382085755,
    "lng": 24.931764470387634,
    "type": "SOLO_STAND",
    "address": "Kaupunginpuutarha, 00250 Helsinki, Finland",
    "id": 130
  },
  {
    "lat": 60.18496224911435,
    "lng": 24.93382440691107,
    "type": "SOLO_STAND",
    "address": "Vauhtitie, 00250 Helsinki, Finland",
    "id": 131
  },
  {
    "lat": 60.172541427736306,
    "lng": 24.92790208940619,
    "type": "SOLO_STAND",
    "address": "Dagmarinkatu 9, 00100 Helsinki, Finland",
    "id": 132
  },
  {
    "lat": 60.168655056352605,
    "lng": 24.93492008381054,
    "type": "SOLO_STAND",
    "address": "Simonkatu 9, 00100 Helsinki, Finland",
    "id": 133
  },
  {
    "lat": 60.17042690740139,
    "lng": 24.936980020333976,
    "type": "SOLO_STAND",
    "address": "Mannerheimintie 22, 00100 Helsinki, Finland",
    "id": 134
  },
  {
    "lat": 60.169765142888515,
    "lng": 24.933031808664055,
    "type": "BILLBOARD",
    "address": "Salomonkatu 6b, 00100 Helsinki, Finland",
    "id": 135
  },
  {
    "lat": 60.169316843225594,
    "lng": 24.930285226632805,
    "type": "BILLBOARD",
    "address": "Fredrikinkatu 65b, 00100 Helsinki, Finland",
    "id": 136
  },
  {
    "lat": 60.16974379542421,
    "lng": 24.93161560230419,
    "type": "SOLO_STAND",
    "address": "Antinkatu 3, 00100 Helsinki, Finland",
    "id": 137
  },
  {
    "lat": 60.16899662543546,
    "lng": 24.93985534839794,
    "type": "SOLO_STAND",
    "address": "Mannerheimintie 16a, 00100 Helsinki, Finland",
    "id": 138
  },
  {
    "lat": 60.168121347551576,
    "lng": 24.93839622669384,
    "type": "SOLO_STAND",
    "address": "Yrj\u00f6nkatu 23, 00100 Helsinki, Finland",
    "id": 139
  },
  {
    "lat": 60.166306672778525,
    "lng": 24.937967073251457,
    "type": "SOLO_STAND",
    "address": "L\u00f6nnrotinkatu 7, 00100 Helsinki, Finland",
    "id": 140
  },
  {
    "lat": 60.173427012475216,
    "lng": 24.907563976655865,
    "type": "SOLO_STAND",
    "address": "Hiekkarannantie 9, 00100 Helsinki, Finland",
    "id": 141
  },
  {
    "lat": 60.17568951281523,
    "lng": 24.90945225180235,
    "type": "SOLO_STAND",
    "address": "Hiekkarannantie, 00100 Helsinki, Finland",
    "id": 142
  },
  {
    "lat": 60.1646502921237,
    "lng": 24.948008874485936,
    "type": "SOLO_STAND",
    "address": "Kasarmikatu 35, 00130 Helsinki, Finland",
    "id": 143
  },
  {
    "lat": 60.166486407968755,
    "lng": 24.947751382420506,
    "type": "BILLBOARD",
    "address": "Kasarmikatu 25a, 00130 Helsinki, Finland",
    "id": 144
  },
  {
    "lat": 60.17007294295434,
    "lng": 24.94843802792832,
    "type": "BILLBOARD",
    "address": "Fabianinkatu 22, 00100 Helsinki, Finland",
    "id": 145
  },
  {
    "lat": 60.17126836761655,
    "lng": 24.946506837437596,
    "type": "SOLO_STAND",
    "address": "Kaisaniemenkatu 2b, 00100 Helsinki, Finland",
    "id": 146
  },
  {
    "lat": 60.17182337142363,
    "lng": 24.944961885045018,
    "type": "SOLO_STAND",
    "address": "Mikonkatu 19 B, 00100 Helsinki, Finland",
    "id": 147
  },
  {
    "lat": 60.173082768359876,
    "lng": 24.948738435337987,
    "type": "SOLO_STAND",
    "address": "Puutarhakatu 1, 00100 Helsinki, Finland",
    "id": 148
  },
  {
    "lat": 60.17427808350223,
    "lng": 24.950497964451756,
    "type": "SOLO_STAND",
    "address": "Unioninkatu 39, 00170 Helsinki, Finland",
    "id": 149
  },
  {
    "lat": 60.17265585955357,
    "lng": 24.95341620785996,
    "type": "SOLO_STAND",
    "address": "Snellmaninkatu 19-21 E 15, 00170 Helsinki, Finland",
    "id": 150
  },
  {
    "lat": 60.17064931384688,
    "lng": 24.953459123204198,
    "type": "SOLO_STAND",
    "address": "Unioninkatu 29, 00170 Helsinki, Finland",
    "id": 151
  },
  {
    "lat": 60.16928308493772,
    "lng": 24.955218652317967,
    "type": "SOLO_STAND",
    "address": "Aleksanterinkatu 10, 00170 Helsinki, Finland",
    "id": 152
  },
  {
    "lat": 60.169496561949934,
    "lng": 24.95663485867783,
    "type": "SOLO_STAND",
    "address": "Riddarhuset, 00170 Helsingfors, Finland",
    "id": 153
  },
  {
    "lat": 60.167425776401636,
    "lng": 24.960969308445897,
    "type": "BILLBOARD",
    "address": "Kanalgatan 4, 00160 Helsingfors, Finland",
    "id": 154
  },
  {
    "lat": 60.16659315573409,
    "lng": 24.96367297513291,
    "type": "SOLO_STAND",
    "address": "Ankargatan 3a, 00160 Helsingfors, Finland",
    "id": 155
  },
  {
    "lat": 60.16725498413863,
    "lng": 24.96517501218125,
    "type": "SOLO_STAND",
    "address": "Kauppiaankatu 3, 00160 Helsinki, Finland",
    "id": 156
  },
  {
    "lat": 60.16778870701276,
    "lng": 24.962943414280858,
    "type": "SOLO_STAND",
    "address": "Luotsikatu 2, 00160 Helsinki, Finland",
    "id": 157
  },
  {
    "lat": 60.16921904156358,
    "lng": 24.950455049107518,
    "type": "SOLO_STAND",
    "address": "Senaatintori, 00100 Helsinki, Finland",
    "id": 158
  },
  {
    "lat": 60.168055565198685,
    "lng": 24.9498756919603,
    "type": "SOLO_STAND",
    "address": "Pohjoisesplanadi 23, 00100 Helsinki, Finland",
    "id": 159
  },
  {
    "lat": 60.16797017081501,
    "lng": 24.946099141667332,
    "type": "SOLO_STAND",
    "address": "Pohjoisesplanadi 33, 00100 Helsinki, Finland",
    "id": 160
  },
  {
    "lat": 60.16937914976488,
    "lng": 24.946399549077,
    "type": "BILLBOARD",
    "address": "Mikonkatu 7, 00101 Helsinki, Finland",
    "id": 161
  },
  {
    "lat": 60.1764444813362,
    "lng": 24.958802083561864,
    "type": "SOLO_STAND",
    "address": "Brobergskajen 1, 00170 Helsingfors, Finland",
    "id": 162
  },
  {
    "lat": 60.1739685864331,
    "lng": 24.961591580937352,
    "type": "SOLO_STAND",
    "address": "Pohjoisranta 19, 00170 Helsinki, Finland",
    "id": 163
  },
  {
    "lat": 60.17258114994209,
    "lng": 24.961033681462254,
    "type": "SOLO_STAND",
    "address": "Pohjoisranta 13, 00170 Helsinki, Finland",
    "id": 164
  },
  {
    "lat": 60.17093749550123,
    "lng": 24.96013245923325,
    "type": "SOLO_STAND",
    "address": "Pohjoisranta 4, 00170 Helsinki, Finland",
    "id": 165
  },
  {
    "lat": 60.16980610115382,
    "lng": 24.95910249097153,
    "type": "SOLO_STAND",
    "address": "Pohjoisranta 2e, 00170 Helsinki, Finland",
    "id": 166
  },
  {
    "lat": 60.17533462049283,
    "lng": 24.96167741162583,
    "type": "SOLO_STAND",
    "address": "Pohjoisranta 23, 00170 Helsinki, Finland",
    "id": 167
  },
  {
    "lat": 60.174331444771134,
    "lng": 24.955240109990086,
    "type": "SOLO_STAND",
    "address": "Liisankatu 17, 00170 Helsinki, Finland",
    "id": 168
  },
  {
    "lat": 60.17574015091824,
    "lng": 24.950304845402684,
    "type": "BILLBOARD",
    "address": "Unioninkatu 47, 00170 Helsinki, Finland",
    "id": 169
  },
  {
    "lat": 60.17868543218559,
    "lng": 24.950347760746922,
    "type": "SOLO_STAND",
    "address": "Hakaniemi, 00530 Helsinki, Finland",
    "id": 170
  },
  {
    "lat": 60.18030735836515,
    "lng": 24.94991860730454,
    "type": "SOLO_STAND",
    "address": "Siltasaarenkatu 11, 00530 Helsinki, Finland",
    "id": 171
  },
  {
    "lat": 60.18113963148974,
    "lng": 24.950004437993016,
    "type": "SOLO_STAND",
    "address": "Porthaninkatu 1, 00530 Helsinki, Finland",
    "id": 172
  },
  {
    "lat": 60.17838664757335,
    "lng": 24.95768628461167,
    "type": "SOLO_STAND",
    "address": "Hagn\u00e4skajen 10, 00530 Helsingfors, Finland",
    "id": 173
  },
  {
    "lat": 60.17968847493204,
    "lng": 24.957772115300145,
    "type": "SOLO_STAND",
    "address": "Merihaka, 00530 Helsinki, Finland",
    "id": 174
  },
  {
    "lat": 60.180883549697995,
    "lng": 24.959960797856297,
    "type": "SOLO_STAND",
    "address": "Aspn\u00e4sgatan 8, 00530 Helsingfors, Finland",
    "id": 175
  },
  {
    "lat": 60.173520344128534,
    "lng": 24.958287099431004,
    "type": "SOLO_STAND",
    "address": "Meritullinkatu 19, 00170 Helsinki, Finland",
    "id": 176
  },
  {
    "lat": 60.17516386934216,
    "lng": 24.957986692021336,
    "type": "SOLO_STAND",
    "address": "Meritullinkatu 30, 00170 Helsinki, Finland",
    "id": 177
  },
  {
    "lat": 60.173104675768286,
    "lng": 24.94327124953395,
    "type": "SOLO_STAND",
    "address": "Rautatientorin metroasema, 00100 Helsinki, Finland",
    "id": 178
  },
  {
    "lat": 60.17312602104873,
    "lng": 24.946661561728774,
    "type": "SOLO_STAND",
    "address": "Vuorikatu 22 C, 00100 Helsinki, Finland",
    "id": 179
  },
  {
    "lat": 60.165433184849924,
    "lng": 24.968151323167717,
    "type": "SOLO_STAND",
    "address": "Mastokatu, 00160 Helsinki, Finland",
    "id": 180
  },
  {
    "lat": 60.16434430293322,
    "lng": 24.970254175035393,
    "type": "SOLO_STAND",
    "address": "Skatuddens term., 00160 Helsingfors, Finland",
    "id": 181
  },
  {
    "lat": 60.16671417620462,
    "lng": 24.971498720018303,
    "type": "SOLO_STAND",
    "address": "Ulkoministeri\u00f6, 00160 Helsinki, Finland",
    "id": 182
  },
  {
    "lat": 60.167247907863484,
    "lng": 24.973687402574456,
    "type": "SOLO_STAND",
    "address": "Merikasarminkatu 5d, 00160 Helsinki, Finland",
    "id": 183
  },
  {
    "lat": 60.167867025726245,
    "lng": 24.97604774650756,
    "type": "SOLO_STAND",
    "address": "Merikasarminkatu 14, 00160 Helsinki, Finland",
    "id": 184
  },
  {
    "lat": 60.16801646622119,
    "lng": 24.96810840782348,
    "type": "BILLBOARD",
    "address": "Lotsgatan 13, 00160 Helsingfors, Finland",
    "id": 185
  },
  {
    "lat": 60.16899848684998,
    "lng": 24.966220132676995,
    "type": "SOLO_STAND",
    "address": "Laivastokatu 3, 00160 Helsinki, Finland",
    "id": 186
  },
  {
    "lat": 60.16899848684998,
    "lng": 24.96355938133422,
    "type": "SOLO_STAND",
    "address": "Kanavaranta 4, 00160 Helsinki, Finland",
    "id": 187
  },
  {
    "lat": 60.170544091650164,
    "lng": 24.972281554957817,
    "type": "SOLO_STAND",
    "address": "Maringatan 9, 00160 Helsingfors, Finland",
    "id": 188
  },
  {
    "lat": 60.153883664169214,
    "lng": 24.915689202182875,
    "type": "SOLO_STAND",
    "address": "Berg\u00f6gr\u00e4nden 3, 00220 Helsingfors, Finland",
    "id": 189
  },
  {
    "lat": 60.15567766839019,
    "lng": 24.919637413852797,
    "type": "SOLO_STAND",
    "address": "Riogatan 8, 00220 Helsingfors, Finland",
    "id": 190
  },
  {
    "lat": 60.15384094858974,
    "lng": 24.91877910696803,
    "type": "SOLO_STAND",
    "address": "Tyynenmerenkatu 10, 00220 Helsinki, Finland",
    "id": 191
  },
  {
    "lat": 60.15610479782223,
    "lng": 24.921396942966567,
    "type": "BILLBOARD",
    "address": "Tyynenmerenkatu 11, 00220 Helsinki, Finland",
    "id": 192
  },
  {
    "lat": 60.1580481666638,
    "lng": 24.921611519687758,
    "type": "SOLO_STAND",
    "address": "Tyynenmerenkatu 6, 00220 Helsinki, Finland",
    "id": 193
  },
  {
    "lat": 60.159478925231085,
    "lng": 24.92135402762233,
    "type": "BILLBOARD",
    "address": "Tyynenmerenkatu 5, 00220 Helsinki, Finland",
    "id": 194
  },
  {
    "lat": 60.15794139113901,
    "lng": 24.911397667759047,
    "type": "SOLO_STAND",
    "address": "Medelhavsgatan 24, 00220 Helsingfors, Finland",
    "id": 195
  },
  {
    "lat": 60.15958569576118,
    "lng": 24.911140175693617,
    "type": "BILLBOARD",
    "address": "Messityt\u00f6nkatu 15, 00180 Helsinki, Finland",
    "id": 196
  },
  {
    "lat": 60.15975652788788,
    "lng": 24.908736916416274,
    "type": "SOLO_STAND",
    "address": "Utterh\u00e4llsstranden 1, 00180 Helsingfors, Finland",
    "id": 197
  },
  {
    "lat": 60.16142209459086,
    "lng": 24.907492371433364,
    "type": "SOLO_STAND",
    "address": "M\u00e4raholmsgatan 7, 00180 Helsingfors, Finland",
    "id": 198
  },
  {
    "lat": 60.157001751564515,
    "lng": 24.907749863498793,
    "type": "SOLO_STAND",
    "address": "Poseidoninkuja 1, 00220 Helsinki, Finland",
    "id": 199
  },
  {
    "lat": 60.15610479782223,
    "lng": 24.91405841910182,
    "type": "SOLO_STAND",
    "address": "L\u00e4nsisatamankatu 34, 00220 Helsinki, Finland",
    "id": 200
  },
  {
    "lat": 60.16248972115947,
    "lng": 24.915517540805922,
    "type": "SOLO_STAND",
    "address": "Ruoholahti metro station, 00180 Helsinki, Finland",
    "id": 201
  },
  {
    "lat": 60.1636000159995,
    "lng": 24.917191239231215,
    "type": "SOLO_STAND",
    "address": "It\u00e4merenkatu 9, 00180 Helsinki, Finland",
    "id": 202
  },
  {
    "lat": 60.163728124528696,
    "lng": 24.919465752475844,
    "type": "BILLBOARD",
    "address": "It\u00e4merenkatu 3, 00180 Helsinki, Finland",
    "id": 203
  },
  {
    "lat": 60.177597649564795,
    "lng": 24.95004799720141,
    "type": "SOLO_STAND",
    "address": "Broholmsgatan 6, 00530 Helsingfors, Finland",
    "id": 204
  },
  {
    "lat": 60.18075616811283,
    "lng": 24.951721695626702,
    "type": "BILLBOARD",
    "address": "H\u00e4meentie 6b, 00530 Helsinki, Finland",
    "id": 205
  },
  {
    "lat": 60.18141771122356,
    "lng": 24.95403912421557,
    "type": "SOLO_STAND",
    "address": "H\u00e4meentie 14, 00530 Helsinki, Finland",
    "id": 206
  },
  {
    "lat": 60.182527366515174,
    "lng": 24.956571129525628,
    "type": "SOLO_STAND",
    "address": "\u00c4ss\u00e4nrinne 2a, 00530 Helsinki, Finland",
    "id": 207
  },
  {
    "lat": 60.183743676352066,
    "lng": 24.958888558114495,
    "type": "SOLO_STAND",
    "address": "H\u00e4meentie 32, 00530 Helsinki, Finland",
    "id": 208
  },
  {
    "lat": 60.183380921992736,
    "lng": 24.94082119819018,
    "type": "BILLBOARD",
    "address": "Ensi linja, 00530 Helsinki, Finland",
    "id": 209
  },
  {
    "lat": 60.186176160865145,
    "lng": 24.94082119819018,
    "type": "BILLBOARD",
    "address": "Helsingegatan 37, 00510 Helsingfors, Finland",
    "id": 210
  },
  {
    "lat": 60.18664556695671,
    "lng": 24.94700100776049,
    "type": "SOLO_STAND",
    "address": "Helsingegatan 25, 00510 Helsingfors, Finland",
    "id": 211
  },
  {
    "lat": 60.18681625841697,
    "lng": 24.948889282906975,
    "type": "SOLO_STAND",
    "address": "L\u00e4ntinen Brahenkatu 737, 00510 Helsinki, Finland",
    "id": 212
  },
  {
    "lat": 60.18675224922338,
    "lng": 24.950605896676507,
    "type": "SOLO_STAND",
    "address": "Helsingegatan 22d, 00530 Helsingfors, Finland",
    "id": 213
  },
  {
    "lat": 60.18713630251303,
    "lng": 24.9522795951018,
    "type": "BILLBOARD",
    "address": "Helsinginkatu 23, 00510 Helsinki, Finland",
    "id": 214
  },
  {
    "lat": 60.18779771709179,
    "lng": 24.953180817330804,
    "type": "SOLO_STAND",
    "address": "Fleminginkatu 21, 00500 Helsinki, Finland",
    "id": 215
  },
  {
    "lat": 60.18722164707841,
    "lng": 24.953953293527093,
    "type": "SOLO_STAND",
    "address": "Helsinginkatu 17, 00500 Helsinki, Finland",
    "id": 216
  },
  {
    "lat": 60.18745634348926,
    "lng": 24.955326584542718,
    "type": "BILLBOARD",
    "address": "Helsingegatan 13, 00500 Helsingfors, Finland",
    "id": 217
  },
  {
    "lat": 60.18385036804802,
    "lng": 24.952365425790276,
    "type": "SOLO_STAND",
    "address": "Karhupuisto, 00530 Helsinki, Finland",
    "id": 218
  },
  {
    "lat": 60.18299682477356,
    "lng": 24.944855240548577,
    "type": "SOLO_STAND",
    "address": "Toinen linja 23a, 00530 Helsinki, Finland",
    "id": 219
  },
  {
    "lat": 60.18165244912392,
    "lng": 24.94876053687426,
    "type": "BILLBOARD",
    "address": "Toinen linja 9, 00530 Helsinki, Finland",
    "id": 220
  },
  {
    "lat": 60.18532267804986,
    "lng": 24.960691002572503,
    "type": "SOLO_STAND",
    "address": "K\u00e4enkuja, 00101 Helsinki, Finland",
    "id": 221
  },
  {
    "lat": 60.186325518076806,
    "lng": 24.961205986703362,
    "type": "SOLO_STAND",
    "address": "H\u00e4meentie 46, 00500 Helsinki, Finland",
    "id": 222
  },
  {
    "lat": 60.184319807391645,
    "lng": 24.954897431100335,
    "type": "SOLO_STAND",
    "address": "Agricolagatan 5, 00500 Helsingfors, Finland",
    "id": 223
  },
  {
    "lat": 60.18598412916609,
    "lng": 24.957129029000725,
    "type": "SOLO_STAND",
    "address": "Torkelsgatan 5, 00500 Helsingfors, Finland",
    "id": 224
  },
  {
    "lat": 60.186154824065156,
    "lng": 24.9592318808684,
    "type": "SOLO_STAND",
    "address": "Torkelsgatan 3, 00500 Helsingfors, Finland",
    "id": 225
  },
  {
    "lat": 60.18169512856187,
    "lng": 24.95730069037768,
    "type": "SOLO_STAND",
    "address": "Aspn\u00e4sgatan 3, 00530 Helsingfors, Finland",
    "id": 226
  },
  {
    "lat": 60.17981718081559,
    "lng": 24.954940346444573,
    "type": "SOLO_STAND",
    "address": "N\u00e4kinkuja 8, 00530 Helsinki, Finland",
    "id": 227
  },
  {
    "lat": 60.17966779399738,
    "lng": 24.95030548926684,
    "type": "SOLO_STAND",
    "address": "Broholmsgatan 7, 00530 Helsingfors, Finland",
    "id": 228
  },
  {
    "lat": 60.184319807391645,
    "lng": 24.965154198373284,
    "type": "SOLO_STAND",
    "address": "S\u00f6rn\u00e4s strandv\u00e4g 23, 00500 Helsingfors, Finland",
    "id": 229
  },
  {
    "lat": 60.18540802732978,
    "lng": 24.96704247351977,
    "type": "BILLBOARD",
    "address": "S\u00f6rn\u00e4s strandv\u00e4g 25c, 00500 Helsingfors, Finland",
    "id": 230
  },
  {
    "lat": 60.18707229394343,
    "lng": 24.968802002633538,
    "type": "SOLO_STAND",
    "address": "S\u00f6rn\u00e4s strandv\u00e4g 31, 00540 Helsingfors, Finland",
    "id": 231
  },
  {
    "lat": 60.182591383945635,
    "lng": 24.962107208932366,
    "type": "SOLO_STAND",
    "address": "Hanasaari, 00530 Helsinki, Finland",
    "id": 232
  },
  {
    "lat": 60.18169512856187,
    "lng": 24.96073391791674,
    "type": "SOLO_STAND",
    "address": "S\u00f6rn\u00e4s strandv\u00e4g 19, 00530 Helsingfors, Finland",
    "id": 233
  },
  {
    "lat": 60.1857494222308,
    "lng": 24.937602547372308,
    "type": "SOLO_STAND",
    "address": "Helsinginkadun jalankulkusilta 20, 00510 Helsinki, Finland",
    "id": 234
  },
  {
    "lat": 60.1878403885425,
    "lng": 24.944168595040765,
    "type": "SOLO_STAND",
    "address": "Kulttuuritalo, 00510 Helsinki, Finland",
    "id": 235
  },
  {
    "lat": 60.18993122168654,
    "lng": 24.947730568612542,
    "type": "SOLO_STAND",
    "address": "Sturenkatu 12, 00510 Helsinki, Finland",
    "id": 236
  },
  {
    "lat": 60.18540802732978,
    "lng": 24.916659859384026,
    "type": "SOLO_STAND",
    "address": "Nordenski\u00f6ldinkatu 2, 00250 Helsinki, Finland",
    "id": 237
  },
  {
    "lat": 60.18370099957663,
    "lng": 24.915372399056878,
    "type": "SOLO_STAND",
    "address": "Mechelininkatu 38, 00250 Helsinki, Finland",
    "id": 238
  },
  {
    "lat": 60.18536535271755,
    "lng": 24.909020928109612,
    "type": "BILLBOARD",
    "address": "Stenb\u00e4ckinkatu 28, 00250 Helsinki, Finland",
    "id": 239
  },
  {
    "lat": 60.18199388307448,
    "lng": 24.91983559485766,
    "type": "BILLBOARD",
    "address": "Topeliusgatan 7, 00250 Helsingfors, Finland",
    "id": 240
  },
  {
    "lat": 60.18062812597143,
    "lng": 24.921638039315667,
    "type": "SOLO_STAND",
    "address": "Topeliusgatan 5, 00260 Helsingfors, Finland",
    "id": 241
  },
  {
    "lat": 60.17200547317768,
    "lng": 24.920178917611565,
    "type": "BILLBOARD",
    "address": "Mechelingatan 13, 00100 Helsingfors, Finland",
    "id": 242
  }
]