[
  {
    "name": "Eira",
    "address": [
      {
        "address_components": [
          {
            "long_name": "Eira",
            "short_name": "Eira",
            "types": [
              "neighborhood",
              "political"
            ]
          },
          {
            "long_name": "Helsinki",
            "short_name": "HKI",
            "types": [
              "locality",
              "political"
            ]
          },
          {
            "long_name": "Finland",
            "short_name": "FI",
            "types": [
              "country",
              "political"
            ]
          }
        ],
        "formatted_address": "Eira, Helsinki, Finland",
        "geometry": {
          "bounds": {
            "northeast": {
              "lat": 60.1580537,
              "lng": 24.943385
            },
            "southwest": {
              "lat": 60.15328590000001,
              "lng": 24.9333967
            }
          },
          "location": {
            "lat": 60.15517490000001,
            "lng": 24.9381901
          },
          "location_type": "APPROXIMATE",
          "viewport": {
            "northeast": {
              "lat": 60.1580537,
              "lng": 24.943385
            },
            "southwest": {
              "lat": 60.15328590000001,
              "lng": 24.9333967
            }
          }
        },
        "place_id": "ChIJ7zfV17YLkkYRcXcZPFK1ACY",
        "types": [
          "neighborhood",
          "political"
        ]
      }
    ],
    "id": 0
  },
  {
    "name": "Etu-T\u00f6\u00f6l\u00f6",
    "address": [
      {
        "address_components": [
          {
            "long_name": "Etu-T\u00f6\u00f6l\u00f6",
            "short_name": "Etu-T\u00f6\u00f6l\u00f6",
            "types": [
              "neighborhood",
              "political"
            ]
          },
          {
            "long_name": "Helsinki",
            "short_name": "HKI",
            "types": [
              "locality",
              "political"
            ]
          },
          {
            "long_name": "Finland",
            "short_name": "FI",
            "types": [
              "country",
              "political"
            ]
          }
        ],
        "formatted_address": "Etu-T\u00f6\u00f6l\u00f6, Helsinki, Finland",
        "geometry": {
          "bounds": {
            "northeast": {
              "lat": 60.17985400000001,
              "lng": 24.9353386
            },
            "southwest": {
              "lat": 60.1677581,
              "lng": 24.8945044
            }
          },
          "location": {
            "lat": 60.1738218,
            "lng": 24.9185301
          },
          "location_type": "APPROXIMATE",
          "viewport": {
            "northeast": {
              "lat": 60.17985400000001,
              "lng": 24.9353386
            },
            "southwest": {
              "lat": 60.1677581,
              "lng": 24.8945044
            }
          }
        },
        "place_id": "ChIJf3GK3zMKkkYRfPEVaKaN6r8",
        "types": [
          "neighborhood",
          "political"
        ]
      }
    ],
    "id": 1
  },
  {
    "name": "Hernesaari",
    "address": [
      {
        "address_components": [
          {
            "long_name": "Munkkisaari",
            "short_name": "Munkkisaari",
            "types": [
              "neighborhood",
              "political"
            ]
          },
          {
            "long_name": "Helsinki",
            "short_name": "HKI",
            "types": [
              "locality",
              "political"
            ]
          },
          {
            "long_name": "Finland",
            "short_name": "FI",
            "types": [
              "country",
              "political"
            ]
          }
        ],
        "formatted_address": "Munkkisaari, Helsinki, Finland",
        "geometry": {
          "bounds": {
            "northeast": {
              "lat": 60.1606909,
              "lng": 24.9429561
            },
            "southwest": {
              "lat": 60.14483759999999,
              "lng": 24.9162625
            }
          },
          "location": {
            "lat": 60.1501767,
            "lng": 24.9283928
          },
          "location_type": "APPROXIMATE",
          "viewport": {
            "northeast": {
              "lat": 60.1606909,
              "lng": 24.9429561
            },
            "southwest": {
              "lat": 60.14483759999999,
              "lng": 24.9162625
            }
          }
        },
        "place_id": "ChIJ0-hS6rMLkkYRDOgjfp1dkdc",
        "types": [
          "neighborhood",
          "political"
        ]
      }
    ],
    "id": 2
  },
  {
    "name": "J\u00e4tk\u00e4saari",
    "address": [
      {
        "address_components": [
          {
            "long_name": "Busholmen",
            "short_name": "Busholmen",
            "types": [
              "establishment",
              "natural_feature"
            ]
          },
          {
            "long_name": "Helsingfors",
            "short_name": "H:fors",
            "types": [
              "locality",
              "political"
            ]
          },
          {
            "long_name": "Finland",
            "short_name": "FI",
            "types": [
              "country",
              "political"
            ]
          }
        ],
        "formatted_address": "Busholmen, Helsingfors, Finland",
        "geometry": {
          "bounds": {
            "northeast": {
              "lat": 60.1618556,
              "lng": 24.9238037
            },
            "southwest": {
              "lat": 60.1480954,
              "lng": 24.9021005
            }
          },
          "location": {
            "lat": 60.15660510000001,
            "lng": 24.9117725
          },
          "location_type": "APPROXIMATE",
          "viewport": {
            "northeast": {
              "lat": 60.1618556,
              "lng": 24.9238037
            },
            "southwest": {
              "lat": 60.1480954,
              "lng": 24.9021005
            }
          }
        },
        "place_id": "ChIJ6Zzcm00KkkYRhLu_SGuG_Rs",
        "types": [
          "establishment",
          "natural_feature"
        ]
      }
    ],
    "id": 3
  },
  {
    "name": "Kaartinkaupunki",
    "address": [
      {
        "address_components": [
          {
            "long_name": "Kaartinkaupunki",
            "short_name": "Kaartinkaupunki",
            "types": [
              "neighborhood",
              "political"
            ]
          },
          {
            "long_name": "Helsinki",
            "short_name": "HKI",
            "types": [
              "locality",
              "political"
            ]
          },
          {
            "long_name": "Finland",
            "short_name": "FI",
            "types": [
              "country",
              "political"
            ]
          }
        ],
        "formatted_address": "Kaartinkaupunki, Helsinki, Finland",
        "geometry": {
          "bounds": {
            "northeast": {
              "lat": 60.1673152,
              "lng": 24.956147
            },
            "southwest": {
              "lat": 60.1628556,
              "lng": 24.9435139
            }
          },
          "location": {
            "lat": 60.16520079999999,
            "lng": 24.9489715
          },
          "location_type": "APPROXIMATE",
          "viewport": {
            "northeast": {
              "lat": 60.1673152,
              "lng": 24.956147
            },
            "southwest": {
              "lat": 60.1628556,
              "lng": 24.9435139
            }
          }
        },
        "place_id": "ChIJi6NZwcgLkkYR0XcZPFK1ACY",
        "types": [
          "neighborhood",
          "political"
        ]
      }
    ],
    "id": 4
  },
  {
    "name": "Kaivopuisto",
    "address": [
      {
        "address_components": [
          {
            "long_name": "Kaivopuisto",
            "short_name": "Kaivopuisto",
            "types": [
              "establishment",
              "park",
              "point_of_interest"
            ]
          },
          {
            "long_name": "Helsinki",
            "short_name": "HKI",
            "types": [
              "locality",
              "political"
            ]
          },
          {
            "long_name": "Finland",
            "short_name": "FI",
            "types": [
              "country",
              "political"
            ]
          },
          {
            "long_name": "00140",
            "short_name": "00140",
            "types": [
              "postal_code"
            ]
          }
        ],
        "formatted_address": "Kaivopuisto, 00140 Helsinki, Finland",
        "geometry": {
          "location": {
            "lat": 60.1557031,
            "lng": 24.9556901
          },
          "location_type": "GEOMETRIC_CENTER",
          "viewport": {
            "northeast": {
              "lat": 60.15705208029151,
              "lng": 24.9570390802915
            },
            "southwest": {
              "lat": 60.1543541197085,
              "lng": 24.9543411197085
            }
          }
        },
        "place_id": "ChIJMw_NL78LkkYRh7AruYcRkeE",
        "plus_code": {
          "compound_code": "5X44+77 Helsinki, Finland",
          "global_code": "9GG65X44+77"
        },
        "types": [
          "establishment",
          "park",
          "point_of_interest"
        ]
      }
    ],
    "id": 5
  },
  {
    "name": "Kamppi",
    "address": [
      {
        "address_components": [
          {
            "long_name": "Kamppi",
            "short_name": "Kamppi",
            "types": [
              "neighborhood",
              "political"
            ]
          },
          {
            "long_name": "Helsinki",
            "short_name": "HKI",
            "types": [
              "locality",
              "political"
            ]
          },
          {
            "long_name": "Finland",
            "short_name": "FI",
            "types": [
              "country",
              "political"
            ]
          }
        ],
        "formatted_address": "Kamppi, Helsinki, Finland",
        "geometry": {
          "bounds": {
            "northeast": {
              "lat": 60.1722997,
              "lng": 24.9435139
            },
            "southwest": {
              "lat": 60.1604615,
              "lng": 24.9208009
            }
          },
          "location": {
            "lat": 60.16745770000001,
            "lng": 24.9310748
          },
          "location_type": "APPROXIMATE",
          "viewport": {
            "northeast": {
              "lat": 60.1722997,
              "lng": 24.9435139
            },
            "southwest": {
              "lat": 60.1604615,
              "lng": 24.9208009
            }
          }
        },
        "place_id": "ChIJj3cy0DQKkkYRsXcZPFK1ACY",
        "types": [
          "neighborhood",
          "political"
        ]
      }
    ],
    "id": 6
  },
  {
    "name": "Katajanokka",
    "address": [
      {
        "address_components": [
          {
            "long_name": "Katajanokka",
            "short_name": "Katajanokka",
            "types": [
              "neighborhood",
              "political"
            ]
          },
          {
            "long_name": "Helsinki",
            "short_name": "HKI",
            "types": [
              "locality",
              "political"
            ]
          },
          {
            "long_name": "Finland",
            "short_name": "FI",
            "types": [
              "country",
              "political"
            ]
          }
        ],
        "formatted_address": "Katajanokka, Helsinki, Finland",
        "geometry": {
          "bounds": {
            "northeast": {
              "lat": 60.17204359999999,
              "lng": 24.9977802
            },
            "southwest": {
              "lat": 60.1611127,
              "lng": 24.9540708
            }
          },
          "location": {
            "lat": 60.16623689999999,
            "lng": 24.968161
          },
          "location_type": "APPROXIMATE",
          "viewport": {
            "northeast": {
              "lat": 60.17204359999999,
              "lng": 24.9977802
            },
            "southwest": {
              "lat": 60.1611127,
              "lng": 24.9540708
            }
          }
        },
        "place_id": "ChIJp2A8a8MLkkYR8UYZPFK1ACY",
        "types": [
          "neighborhood",
          "political"
        ]
      }
    ],
    "id": 7
  },
  {
    "name": "Kluuvi",
    "address": [
      {
        "address_components": [
          {
            "long_name": "Kluuvi",
            "short_name": "Kluuvi",
            "types": [
              "neighborhood",
              "political"
            ]
          },
          {
            "long_name": "Helsinki",
            "short_name": "HKI",
            "types": [
              "locality",
              "political"
            ]
          },
          {
            "long_name": "Finland",
            "short_name": "FI",
            "types": [
              "country",
              "political"
            ]
          }
        ],
        "formatted_address": "Kluuvi, Helsinki, Finland",
        "geometry": {
          "bounds": {
            "northeast": {
              "lat": 60.1799087,
              "lng": 24.951228
            },
            "southwest": {
              "lat": 60.1665892,
              "lng": 24.9334502
            }
          },
          "location": {
            "lat": 60.1724821,
            "lng": 24.9406449
          },
          "location_type": "APPROXIMATE",
          "viewport": {
            "northeast": {
              "lat": 60.1799087,
              "lng": 24.951228
            },
            "southwest": {
              "lat": 60.1665892,
              "lng": 24.9334502
            }
          }
        },
        "place_id": "ChIJnw6y0M0LkkYRwXcZPFK1ACY",
        "types": [
          "neighborhood",
          "political"
        ]
      }
    ],
    "id": 8
  },
  {
    "name": "Kotkavuori",
    "address": [
      {
        "address_components": [
          {
            "long_name": "Kotkavuori",
            "short_name": "Kotkavuori",
            "types": [
              "route"
            ]
          },
          {
            "long_name": "Helsinki",
            "short_name": "HKI",
            "types": [
              "locality",
              "political"
            ]
          },
          {
            "long_name": "Finland",
            "short_name": "FI",
            "types": [
              "country",
              "political"
            ]
          },
          {
            "long_name": "00200",
            "short_name": "00200",
            "types": [
              "postal_code"
            ]
          }
        ],
        "formatted_address": "Kotkavuori, 00200 Helsinki, Finland",
        "geometry": {
          "bounds": {
            "northeast": {
              "lat": 60.1633485,
              "lng": 24.8845748
            },
            "southwest": {
              "lat": 60.16309749999999,
              "lng": 24.883861
            }
          },
          "location": {
            "lat": 60.1633389,
            "lng": 24.8839137
          },
          "location_type": "GEOMETRIC_CENTER",
          "viewport": {
            "northeast": {
              "lat": 60.1645719802915,
              "lng": 24.8855668802915
            },
            "southwest": {
              "lat": 60.16187401970849,
              "lng": 24.8828689197085
            }
          }
        },
        "place_id": "ChIJgcBi-kIKkkYR-KxiMjqiERo",
        "types": [
          "route"
        ]
      }
    ],
    "id": 9
  },
  {
    "name": "Kruununhaka",
    "address": [
      {
        "address_components": [
          {
            "long_name": "Kruununhaka",
            "short_name": "Kruununhaka",
            "types": [
              "neighborhood",
              "political"
            ]
          },
          {
            "long_name": "Helsinki",
            "short_name": "HKI",
            "types": [
              "locality",
              "political"
            ]
          },
          {
            "long_name": "Finland",
            "short_name": "FI",
            "types": [
              "country",
              "political"
            ]
          }
        ],
        "formatted_address": "Kruununhaka, Helsinki, Finland",
        "geometry": {
          "bounds": {
            "northeast": {
              "lat": 60.177273,
              "lng": 24.9755717
            },
            "southwest": {
              "lat": 60.1669202,
              "lng": 24.9502944
            }
          },
          "location": {
            "lat": 60.1721106,
            "lng": 24.9579177
          },
          "location_type": "APPROXIMATE",
          "viewport": {
            "northeast": {
              "lat": 60.177273,
              "lng": 24.9755717
            },
            "southwest": {
              "lat": 60.1669202,
              "lng": 24.9502944
            }
          }
        },
        "place_id": "ChIJVc5PO9ALkkYR4XcZPFK1ACY",
        "types": [
          "neighborhood",
          "political"
        ]
      }
    ],
    "id": 10
  },
  {
    "name": "Lauttasaari",
    "address": [
      {
        "address_components": [
          {
            "long_name": "Lauttasaari",
            "short_name": "Lauttasaari",
            "types": [
              "establishment",
              "natural_feature"
            ]
          },
          {
            "long_name": "Helsinki",
            "short_name": "HKI",
            "types": [
              "locality",
              "political"
            ]
          },
          {
            "long_name": "Finland",
            "short_name": "FI",
            "types": [
              "country",
              "political"
            ]
          }
        ],
        "formatted_address": "Lauttasaari, Helsinki, Finland",
        "geometry": {
          "bounds": {
            "northeast": {
              "lat": 60.1711703,
              "lng": 24.8954331
            },
            "southwest": {
              "lat": 60.1440462,
              "lng": 24.8526645
            }
          },
          "location": {
            "lat": 60.1573302,
            "lng": 24.8772531
          },
          "location_type": "APPROXIMATE",
          "viewport": {
            "northeast": {
              "lat": 60.1711703,
              "lng": 24.8954331
            },
            "southwest": {
              "lat": 60.1440462,
              "lng": 24.8526645
            }
          }
        },
        "place_id": "ChIJY-C1XmcKkkYRZWuKWF77jOo",
        "types": [
          "establishment",
          "natural_feature"
        ]
      }
    ],
    "id": 11
  },
  {
    "name": "Myllykallio",
    "address": [
      {
        "address_components": [
          {
            "long_name": "Kvarnberget",
            "short_name": "Kvarnberget",
            "types": [
              "establishment",
              "natural_feature"
            ]
          },
          {
            "long_name": "Helsingfors",
            "short_name": "H:fors",
            "types": [
              "locality",
              "political"
            ]
          },
          {
            "long_name": "Finland",
            "short_name": "FI",
            "types": [
              "country",
              "political"
            ]
          },
          {
            "long_name": "00200",
            "short_name": "00200",
            "types": [
              "postal_code"
            ]
          }
        ],
        "formatted_address": "Kvarnberget, 00200 Helsingfors, Finland",
        "geometry": {
          "bounds": {
            "northeast": {
              "lat": 60.16198819999999,
              "lng": 24.8708906
            },
            "southwest": {
              "lat": 60.1570821,
              "lng": 24.8625326
            }
          },
          "location": {
            "lat": 60.1590702,
            "lng": 24.8666246
          },
          "location_type": "APPROXIMATE",
          "viewport": {
            "northeast": {
              "lat": 60.16198819999999,
              "lng": 24.8708906
            },
            "southwest": {
              "lat": 60.1570821,
              "lng": 24.8625326
            }
          }
        },
        "place_id": "ChIJz8rlvGYKkkYR5oxeohkOQqU",
        "types": [
          "establishment",
          "natural_feature"
        ]
      }
    ],
    "id": 12
  },
  {
    "name": "Punavuori",
    "address": [
      {
        "address_components": [
          {
            "long_name": "Punavuori",
            "short_name": "Punavuori",
            "types": [
              "neighborhood",
              "political"
            ]
          },
          {
            "long_name": "Helsinki",
            "short_name": "HKI",
            "types": [
              "locality",
              "political"
            ]
          },
          {
            "long_name": "Finland",
            "short_name": "FI",
            "types": [
              "country",
              "political"
            ]
          }
        ],
        "formatted_address": "Punavuori, Helsinki, Finland",
        "geometry": {
          "bounds": {
            "northeast": {
              "lat": 60.1665892,
              "lng": 24.9456812
            },
            "southwest": {
              "lat": 60.1576906,
              "lng": 24.9270613
            }
          },
          "location": {
            "lat": 60.1617225,
            "lng": 24.9364126
          },
          "location_type": "APPROXIMATE",
          "viewport": {
            "northeast": {
              "lat": 60.1665892,
              "lng": 24.9456812
            },
            "southwest": {
              "lat": 60.1576906,
              "lng": 24.9270613
            }
          }
        },
        "place_id": "ChIJjx4n47ULkkYRYXcZPFK1ACY",
        "types": [
          "neighborhood",
          "political"
        ]
      }
    ],
    "id": 13
  },
  {
    "name": "Ruoholahti",
    "address": [
      {
        "address_components": [
          {
            "long_name": "Ruoholahti",
            "short_name": "Ruoholahti",
            "types": [
              "neighborhood",
              "political"
            ]
          },
          {
            "long_name": "Helsinki",
            "short_name": "HKI",
            "types": [
              "locality",
              "political"
            ]
          },
          {
            "long_name": "Finland",
            "short_name": "FI",
            "types": [
              "country",
              "political"
            ]
          },
          {
            "long_name": "00180",
            "short_name": "00180",
            "types": [
              "postal_code"
            ]
          }
        ],
        "formatted_address": "Ruoholahti, 00180 Helsinki, Finland",
        "geometry": {
          "bounds": {
            "northeast": {
              "lat": 60.1681091,
              "lng": 24.9228031
            },
            "southwest": {
              "lat": 60.1598495,
              "lng": 24.8974509
            }
          },
          "location": {
            "lat": 60.1636377,
            "lng": 24.9075688
          },
          "location_type": "APPROXIMATE",
          "viewport": {
            "northeast": {
              "lat": 60.1681091,
              "lng": 24.9228031
            },
            "southwest": {
              "lat": 60.1598495,
              "lng": 24.8974509
            }
          }
        },
        "place_id": "ChIJ3yAaq04KkkYRoDmSuVO1AAo",
        "types": [
          "neighborhood",
          "political"
        ]
      }
    ],
    "id": 14
  },
  {
    "name": "Suomenlinna",
    "address": [
      {
        "address_components": [
          {
            "long_name": "Helsinki",
            "short_name": "HKI",
            "types": [
              "locality",
              "political"
            ]
          },
          {
            "long_name": "Finland",
            "short_name": "FI",
            "types": [
              "country",
              "political"
            ]
          },
          {
            "long_name": "00190",
            "short_name": "00190",
            "types": [
              "postal_code"
            ]
          }
        ],
        "formatted_address": "00190 Helsinki, Finland",
        "geometry": {
          "location": {
            "lat": 60.14539999999999,
            "lng": 24.9881401
          },
          "location_type": "GEOMETRIC_CENTER",
          "viewport": {
            "northeast": {
              "lat": 60.1467489802915,
              "lng": 24.98948908029151
            },
            "southwest": {
              "lat": 60.14405101970848,
              "lng": 24.9867911197085
            }
          }
        },
        "place_id": "ChIJhTiFuI0LkkYRFwfoahbvmAw",
        "plus_code": {
          "compound_code": "4XWQ+57 Helsinki, Finland",
          "global_code": "9GG64XWQ+57"
        },
        "types": [
          "establishment",
          "point_of_interest"
        ]
      }
    ],
    "id": 15
  },
  {
    "name": "Taka-T\u00f6\u00f6l\u00f6",
    "address": [
      {
        "address_components": [
          {
            "long_name": "Bortre T\u00f6l\u00f6",
            "short_name": "Bortre T\u00f6l\u00f6",
            "types": [
              "neighborhood",
              "political"
            ]
          },
          {
            "long_name": "Helsingfors",
            "short_name": "H:fors",
            "types": [
              "locality",
              "political"
            ]
          },
          {
            "long_name": "Finland",
            "short_name": "FI",
            "types": [
              "country",
              "political"
            ]
          }
        ],
        "formatted_address": "Bortre T\u00f6l\u00f6, Helsingfors, Finland",
        "geometry": {
          "bounds": {
            "northeast": {
              "lat": 60.19287070000001,
              "lng": 24.9360467
            },
            "southwest": {
              "lat": 60.1759071,
              "lng": 24.8957169
            }
          },
          "location": {
            "lat": 60.1816434,
            "lng": 24.9181181
          },
          "location_type": "APPROXIMATE",
          "viewport": {
            "northeast": {
              "lat": 60.19287070000001,
              "lng": 24.9360467
            },
            "southwest": {
              "lat": 60.1759071,
              "lng": 24.8957169
            }
          }
        },
        "place_id": "ChIJZ8yjLSQKkkYRsHX2yGLQ9r4",
        "types": [
          "neighborhood",
          "political"
        ]
      }
    ],
    "id": 16
  },
  {
    "name": "Ullanlinna",
    "address": [
      {
        "address_components": [
          {
            "long_name": "Ullanlinna",
            "short_name": "Ullanlinna",
            "types": [
              "neighborhood",
              "political"
            ]
          },
          {
            "long_name": "Helsinki",
            "short_name": "HKI",
            "types": [
              "locality",
              "political"
            ]
          },
          {
            "long_name": "Finland",
            "short_name": "FI",
            "types": [
              "country",
              "political"
            ]
          }
        ],
        "formatted_address": "Ullanlinna, Helsinki, Finland",
        "geometry": {
          "bounds": {
            "northeast": {
              "lat": 60.1656285,
              "lng": 24.9596394
            },
            "southwest": {
              "lat": 60.1503917,
              "lng": 24.9347593
            }
          },
          "location": {
            "lat": 60.1584139,
            "lng": 24.9490399
          },
          "location_type": "APPROXIMATE",
          "viewport": {
            "northeast": {
              "lat": 60.1656285,
              "lng": 24.9596394
            },
            "southwest": {
              "lat": 60.1503917,
              "lng": 24.9347593
            }
          }
        },
        "place_id": "ChIJK3jjT7gLkkYRgXcZPFK1ACY",
        "types": [
          "neighborhood",
          "political"
        ]
      }
    ],
    "id": 17
  },
  {
    "name": "Vattuniemi",
    "address": [
      {
        "address_components": [
          {
            "long_name": "Hallon\u00e4s",
            "short_name": "Hallon\u00e4s",
            "types": [
              "establishment",
              "natural_feature"
            ]
          },
          {
            "long_name": "Helsingfors",
            "short_name": "H:fors",
            "types": [
              "locality",
              "political"
            ]
          },
          {
            "long_name": "Finland",
            "short_name": "FI",
            "types": [
              "country",
              "political"
            ]
          },
          {
            "long_name": "00210",
            "short_name": "00210",
            "types": [
              "postal_code"
            ]
          }
        ],
        "formatted_address": "Hallon\u00e4s, 00210 Helsingfors, Finland",
        "geometry": {
          "location": {
            "lat": 60.1478889,
            "lng": 24.8858726
          },
          "location_type": "APPROXIMATE",
          "viewport": {
            "northeast": {
              "lat": 60.1534425,
              "lng": 24.90188
            },
            "southwest": {
              "lat": 60.1423344,
              "lng": 24.8698652
            }
          }
        },
        "place_id": "ChIJKW4rCFgKkkYRf4YqqK3ePZ4",
        "types": [
          "establishment",
          "natural_feature"
        ]
      }
    ],
    "id": 18
  }
]