district,minAge,maxAge,population
Kruununhaka,0,1,77
Kruununhaka,1,2,73
Kruununhaka,2,3,68
Kruununhaka,3,4,78
Kruununhaka,4,5,63
Kruununhaka,5,6,65
Kruununhaka,6,7,52
Kruununhaka,7,8,76
Kruununhaka,8,9,63
Kruununhaka,9,10,48
Kruununhaka,10,11,54
Kruununhaka,11,12,48
Kruununhaka,12,13,61
Kruununhaka,13,14,43
Kruununhaka,14,15,45
Kruununhaka,15,16,47
Kruununhaka,16,17,45
Kruununhaka,17,18,49
Kruununhaka,18,19,47
Kruununhaka,19,20,54
Kruununhaka,20,24,539
Kruununhaka,25,29,806
Kruununhaka,30,34,771
Kruununhaka,35,39,654
Kruununhaka,40,44,583
Kruununhaka,45,49,434
Kruununhaka,50,54,469
Kruununhaka,55,59,420
Kruununhaka,60,64,401
Kruununhaka,65,69,335
Kruununhaka,70,74,383
Kruununhaka,75,79,243
Kruununhaka,80,84,144
Kruununhaka,85,89,84
Kruununhaka,90,94,39
Kruununhaka,95,95,9
Kluuvi,0,1,3
Kluuvi,1,2,2
Kluuvi,2,3,2
Kluuvi,3,4,4
Kluuvi,4,5,3
Kluuvi,5,6,2
Kluuvi,6,7,1
Kluuvi,7,8,5
Kluuvi,8,9,3
Kluuvi,9,10,2
Kluuvi,10,11,1
Kluuvi,11,12,3
Kluuvi,12,13,1
Kluuvi,13,14,3
Kluuvi,14,15,6
Kluuvi,15,16,4
Kluuvi,16,17,3
Kluuvi,17,18,2
Kluuvi,18,19,3
Kluuvi,19,20,6
Kluuvi,20,24,38
Kluuvi,25,29,100
Kluuvi,30,34,68
Kluuvi,35,39,59
Kluuvi,40,44,45
Kluuvi,45,49,44
Kluuvi,50,54,50
Kluuvi,55,59,41
Kluuvi,60,64,41
Kluuvi,65,69,33
Kluuvi,70,74,32
Kluuvi,75,79,15
Kluuvi,80,84,12
Kluuvi,85,89,8
Kluuvi,90,94,4
Kluuvi,95,96,0
Katajanokka,0,1,51
Katajanokka,1,2,52
Katajanokka,2,3,46
Katajanokka,3,4,46
Katajanokka,4,5,44
Katajanokka,5,6,34
Katajanokka,6,7,50
Katajanokka,7,8,39
Katajanokka,8,9,50
Katajanokka,9,10,41
Katajanokka,10,11,42
Katajanokka,11,12,50
Katajanokka,12,13,44
Katajanokka,13,14,43
Katajanokka,14,15,42
Katajanokka,15,16,39
Katajanokka,16,17,37
Katajanokka,17,18,36
Katajanokka,18,19,37
Katajanokka,19,20,37
Katajanokka,20,24,260
Katajanokka,25,29,372
Katajanokka,30,34,363
Katajanokka,35,39,327
Katajanokka,40,44,356
Katajanokka,45,49,304
Katajanokka,50,54,314
Katajanokka,55,59,288
Katajanokka,60,64,296
Katajanokka,65,69,325
Katajanokka,70,74,378
Katajanokka,75,79,239
Katajanokka,80,84,100
Katajanokka,85,89,53
Katajanokka,90,94,32
Katajanokka,95,96,8
Kaartinkaupunki,0,1,8
Kaartinkaupunki,1,2,7
Kaartinkaupunki,2,3,8
Kaartinkaupunki,3,4,5
Kaartinkaupunki,4,5,6
Kaartinkaupunki,5,6,9
Kaartinkaupunki,6,7,9
Kaartinkaupunki,7,8,6
Kaartinkaupunki,8,9,7
Kaartinkaupunki,9,10,6
Kaartinkaupunki,10,11,11
Kaartinkaupunki,11,12,6
Kaartinkaupunki,12,13,5
Kaartinkaupunki,13,14,4
Kaartinkaupunki,14,15,4
Kaartinkaupunki,15,16,7
Kaartinkaupunki,16,17,3
Kaartinkaupunki,17,18,6
Kaartinkaupunki,18,19,11
Kaartinkaupunki,19,20,9
Kaartinkaupunki,20,24,104
Kaartinkaupunki,25,29,113
Kaartinkaupunki,30,34,104
Kaartinkaupunki,35,39,78
Kaartinkaupunki,40,44,63
Kaartinkaupunki,45,49,75
Kaartinkaupunki,50,54,66
Kaartinkaupunki,55,59,58
Kaartinkaupunki,60,64,55
Kaartinkaupunki,65,69,63
Kaartinkaupunki,70,74,67
Kaartinkaupunki,75,79,39
Kaartinkaupunki,80,84,21
Kaartinkaupunki,85,89,8
Kaartinkaupunki,90,94,1
Kaartinkaupunki,95,96,0
Punavuori,0,1,94
Punavuori,1,2,79
Punavuori,2,3,73
Punavuori,3,4,80
Punavuori,4,5,58
Punavuori,5,6,58
Punavuori,6,7,83
Punavuori,7,8,59
Punavuori,8,9,65
Punavuori,9,10,62
Punavuori,10,11,58
Punavuori,11,12,49
Punavuori,12,13,52
Punavuori,13,14,45
Punavuori,14,15,38
Punavuori,15,16,36
Punavuori,16,17,33
Punavuori,17,18,33
Punavuori,18,19,43
Punavuori,19,20,76
Punavuori,20,24,796
Punavuori,25,29,1378
Punavuori,30,34,1261
Punavuori,35,39,869
Punavuori,40,44,728
Punavuori,45,49,514
Punavuori,50,54,488
Punavuori,55,59,437
Punavuori,60,64,390
Punavuori,65,69,408
Punavuori,70,74,415
Punavuori,75,79,276
Punavuori,80,84,158
Punavuori,85,89,81
Punavuori,90,94,36
Punavuori,95,96,8
Eira,0,1,13
Eira,1,2,12
Eira,2,3,9
Eira,3,4,8
Eira,4,5,14
Eira,5,6,7
Eira,6,7,17
Eira,7,8,10
Eira,8,9,19
Eira,9,10,7
Eira,10,11,17
Eira,11,12,18
Eira,12,13,8
Eira,13,14,10
Eira,14,15,7
Eira,15,16,14
Eira,16,17,10
Eira,17,18,8
Eira,18,19,11
Eira,19,20,12
Eira,20,24,44
Eira,25,29,59
Eira,30,34,86
Eira,35,39,85
Eira,40,44,109
Eira,45,49,74
Eira,50,54,90
Eira,55,59,81
Eira,60,64,58
Eira,65,69,51
Eira,70,74,62
Eira,75,79,36
Eira,80,84,20
Eira,85,89,14
Eira,90,94,7
Eira,95,96,2
Ullanlinna,0,1,104
Ullanlinna,1,2,96
Ullanlinna,2,3,96
Ullanlinna,3,4,81
Ullanlinna,4,5,87
Ullanlinna,5,6,80
Ullanlinna,6,7,97
Ullanlinna,7,8,85
Ullanlinna,8,9,96
Ullanlinna,9,10,86
Ullanlinna,10,11,77
Ullanlinna,11,12,85
Ullanlinna,12,13,76
Ullanlinna,13,14,69
Ullanlinna,14,15,83
Ullanlinna,15,16,62
Ullanlinna,16,17,76
Ullanlinna,17,18,56
Ullanlinna,18,19,77
Ullanlinna,19,20,76
Ullanlinna,20,24,711
Ullanlinna,25,29,1361
Ullanlinna,30,34,1128
Ullanlinna,35,39,966
Ullanlinna,40,44,841
Ullanlinna,45,49,640
Ullanlinna,50,54,636
Ullanlinna,55,59,639
Ullanlinna,60,64,510
Ullanlinna,65,69,481
Ullanlinna,70,74,594
Ullanlinna,75,79,383
Ullanlinna,80,84,227
Ullanlinna,85,89,115
Ullanlinna,90,94,64
Ullanlinna,95,96,21
Kaivopuisto,0,1,3
Kaivopuisto,1,2,3
Kaivopuisto,2,3,5
Kaivopuisto,3,4,6
Kaivopuisto,4,5,4
Kaivopuisto,5,6,1
Kaivopuisto,6,7,1
Kaivopuisto,7,8,5
Kaivopuisto,8,9,4
Kaivopuisto,9,10,4
Kaivopuisto,10,11,3
Kaivopuisto,11,12,9
Kaivopuisto,12,13,3
Kaivopuisto,13,14,6
Kaivopuisto,14,15,3
Kaivopuisto,15,16,5
Kaivopuisto,16,17,4
Kaivopuisto,17,18,4
Kaivopuisto,18,19,5
Kaivopuisto,19,20,4
Kaivopuisto,20,24,18
Kaivopuisto,25,29,21
Kaivopuisto,30,34,20
Kaivopuisto,35,39,25
Kaivopuisto,40,44,30
Kaivopuisto,45,49,33
Kaivopuisto,50,54,32
Kaivopuisto,55,59,33
Kaivopuisto,60,64,38
Kaivopuisto,65,69,38
Kaivopuisto,70,74,38
Kaivopuisto,75,79,29
Kaivopuisto,80,84,17
Kaivopuisto,85,89,2
Kaivopuisto,90,94,5
Kaivopuisto,95,96,2
Hernesaari,0,1,12
Hernesaari,1,2,11
Hernesaari,2,3,12
Hernesaari,3,4,13
Hernesaari,4,5,11
Hernesaari,5,6,9
Hernesaari,6,7,9
Hernesaari,7,8,6
Hernesaari,8,9,7
Hernesaari,9,10,5
Hernesaari,10,11,8
Hernesaari,11,12,3
Hernesaari,12,13,7
Hernesaari,13,14,5
Hernesaari,14,15,2
Hernesaari,15,16,5
Hernesaari,16,17,6
Hernesaari,17,18,7
Hernesaari,18,19,2
Hernesaari,19,20,12
Hernesaari,20,24,92
Hernesaari,25,29,156
Hernesaari,30,34,162
Hernesaari,35,39,95
Hernesaari,40,44,98
Hernesaari,45,49,81
Hernesaari,50,54,73
Hernesaari,55,59,90
Hernesaari,60,64,61
Hernesaari,65,69,65
Hernesaari,70,74,62
Hernesaari,75,79,33
Hernesaari,80,84,12
Hernesaari,85,89,12
Hernesaari,90,94,2
Hernesaari,95,96,1
Suomenlinna,0,1,9
Suomenlinna,1,2,11
Suomenlinna,2,3,6
Suomenlinna,3,4,9
Suomenlinna,4,5,15
Suomenlinna,5,6,8
Suomenlinna,6,7,14
Suomenlinna,7,8,16
Suomenlinna,8,9,18
Suomenlinna,9,10,15
Suomenlinna,10,11,12
Suomenlinna,11,12,14
Suomenlinna,12,13,11
Suomenlinna,13,14,15
Suomenlinna,14,15,7
Suomenlinna,15,16,10
Suomenlinna,16,17,5
Suomenlinna,17,18,10
Suomenlinna,18,19,5
Suomenlinna,19,20,6
Suomenlinna,20,24,26
Suomenlinna,25,29,26
Suomenlinna,30,34,36
Suomenlinna,35,39,66
Suomenlinna,40,44,68
Suomenlinna,45,49,44
Suomenlinna,50,54,86
Suomenlinna,55,59,60
Suomenlinna,60,64,40
Suomenlinna,65,69,22
Suomenlinna,70,74,30
Suomenlinna,75,79,11
Suomenlinna,80,84,9
Suomenlinna,85,89,2
Suomenlinna,90,94,1
Suomenlinna,95,96,0
Kamppi,0,96,110
Kamppi,1,2,92
Kamppi,2,3,88
Kamppi,3,4,85
Kamppi,4,5,82
Kamppi,5,6,75
Kamppi,6,7,62
Kamppi,7,8,87
Kamppi,8,9,65
Kamppi,9,10,65
Kamppi,10,11,55
Kamppi,11,12,60
Kamppi,12,13,59
Kamppi,13,14,60
Kamppi,14,15,37
Kamppi,15,16,55
Kamppi,16,17,48
Kamppi,17,18,47
Kamppi,18,19,64
Kamppi,19,20,115
Kamppi,20,25,897
Kamppi,25,29,1908
Kamppi,30,34,1628
Kamppi,35,39,1197
Kamppi,40,44,930
Kamppi,45,49,606
Kamppi,50,54,694
Kamppi,55,59,605
Kamppi,60,64,520
Kamppi,65,69,550
Kamppi,70,74,563
Kamppi,75,79,349
Kamppi,80,84,242
Kamppi,85,89,112
Kamppi,90,94,56
Kamppi,95,96,10
Etu-Töölö,0,1,147
Etu-Töölö,1,2,129
Etu-Töölö,2,3,106
Etu-Töölö,3,4,112
Etu-Töölö,4,5,122
Etu-Töölö,5,6,112
Etu-Töölö,6,7,101
Etu-Töölö,7,8,116
Etu-Töölö,8,9,112
Etu-Töölö,9,10,104
Etu-Töölö,10,11,108
Etu-Töölö,11,12,121
Etu-Töölö,12,13,113
Etu-Töölö,13,14,93
Etu-Töölö,14,15,84
Etu-Töölö,15,16,82
Etu-Töölö,16,17,75
Etu-Töölö,17,18,87
Etu-Töölö,18,19,85
Etu-Töölö,19,20,133
Etu-Töölö,20,24,1251
Etu-Töölö,25,29,1940
Etu-Töölö,30,34,1576
Etu-Töölö,35,39,1190
Etu-Töölö,40,44,1026
Etu-Töölö,45,49,811
Etu-Töölö,50,54,864
Etu-Töölö,55,59,793
Etu-Töölö,60,64,641
Etu-Töölö,65,69,645
Etu-Töölö,70,74,863
Etu-Töölö,75,79,542
Etu-Töölö,80,84,302
Etu-Töölö,85,89,192
Etu-Töölö,90,94,103
Etu-Töölö,95,96,28
Ruoholahti,0,1,33
Ruoholahti,1,2,32
Ruoholahti,2,3,44
Ruoholahti,3,4,33
Ruoholahti,4,5,32
Ruoholahti,5,6,29
Ruoholahti,6,7,35
Ruoholahti,7,8,30
Ruoholahti,8,9,28
Ruoholahti,9,10,30
Ruoholahti,10,11,32
Ruoholahti,11,12,22
Ruoholahti,12,13,28
Ruoholahti,13,14,22
Ruoholahti,14,15,33
Ruoholahti,15,16,24
Ruoholahti,16,17,28
Ruoholahti,17,18,29
Ruoholahti,18,19,28
Ruoholahti,19,20,29
Ruoholahti,20,24,190
Ruoholahti,25,29,275
Ruoholahti,30,34,306
Ruoholahti,35,39,236
Ruoholahti,40,44,209
Ruoholahti,45,49,191
Ruoholahti,50,54,231
Ruoholahti,55,59,193
Ruoholahti,60,64,188
Ruoholahti,65,69,126
Ruoholahti,70,74,120
Ruoholahti,75,79,62
Ruoholahti,80,84,32
Ruoholahti,85,89,20
Ruoholahti,90,94,4
Ruoholahti,95,96,2
Jätkäsaari,0,96,145
Jätkäsaari,1,2,144
Jätkäsaari,2,3,144
Jätkäsaari,3,4,151
Jätkäsaari,4,5,145
Jätkäsaari,5,6,145
Jätkäsaari,6,7,124
Jätkäsaari,7,8,120
Jätkäsaari,8,9,92
Jätkäsaari,9,10,81
Jätkäsaari,10,11,77
Jätkäsaari,11,12,67
Jätkäsaari,12,13,63
Jätkäsaari,13,14,61
Jätkäsaari,14,15,47
Jätkäsaari,15,16,64
Jätkäsaari,16,17,66
Jätkäsaari,17,18,83
Jätkäsaari,18,19,79
Jätkäsaari,19,20,98
Jätkäsaari,20,25,936
Jätkäsaari,25,29,1211
Jätkäsaari,30,34,1185
Jätkäsaari,35,39,980
Jätkäsaari,40,44,644
Jätkäsaari,45,49,472
Jätkäsaari,50,54,498
Jätkäsaari,55,59,506
Jätkäsaari,60,64,404
Jätkäsaari,65,69,351
Jätkäsaari,70,74,296
Jätkäsaari,75,79,162
Jätkäsaari,80,84,72
Jätkäsaari,85,89,27
Jätkäsaari,90,94,8
Jätkäsaari,95,96,1
Taka-Töölö,0,1,148
Taka-Töölö,1,2,129
Taka-Töölö,2,3,124
Taka-Töölö,3,4,112
Taka-Töölö,4,5,93
Taka-Töölö,5,6,121
Taka-Töölö,6,7,92
Taka-Töölö,7,8,101
Taka-Töölö,8,9,96
Taka-Töölö,9,10,97
Taka-Töölö,10,11,105
Taka-Töölö,11,12,93
Taka-Töölö,12,13,73
Taka-Töölö,13,14,74
Taka-Töölö,14,15,80
Taka-Töölö,15,16,57
Taka-Töölö,16,17,66
Taka-Töölö,17,18,69
Taka-Töölö,18,19,72
Taka-Töölö,19,20,111
Taka-Töölö,20,24,1299
Taka-Töölö,25,29,2326
Taka-Töölö,30,34,1833
Taka-Töölö,35,39,1299
Taka-Töölö,40,44,1068
Taka-Töölö,45,49,767
Taka-Töölö,50,54,806
Taka-Töölö,55,59,763
Taka-Töölö,60,64,671
Taka-Töölö,65,69,671
Taka-Töölö,70,74,787
Taka-Töölö,75,79,530
Taka-Töölö,80,84,330
Taka-Töölö,85,89,234
Taka-Töölö,90,94,116
Taka-Töölö,95,96,27
Lauttasaari,0,1,285
Lauttasaari,1,2,249
Lauttasaari,2,3,249
Lauttasaari,3,4,231
Lauttasaari,4,5,215
Lauttasaari,5,6,205
Lauttasaari,6,7,168
Lauttasaari,7,8,159
Lauttasaari,8,9,159
Lauttasaari,9,10,143
Lauttasaari,10,11,137
Lauttasaari,11,12,113
Lauttasaari,12,13,124
Lauttasaari,13,14,119
Lauttasaari,14,15,121
Lauttasaari,15,16,122
Lauttasaari,16,17,126
Lauttasaari,17,18,144
Lauttasaari,18,19,143
Lauttasaari,19,20,147
Lauttasaari,20,24,1228
Lauttasaari,25,29,2181
Lauttasaari,30,34,2278
Lauttasaari,35,39,1866
Lauttasaari,40,44,1346
Lauttasaari,45,49,1210
Lauttasaari,50,54,1103
Lauttasaari,55,59,1145
Lauttasaari,60,64,1337
Lauttasaari,65,69,1233
Lauttasaari,70,74,783
Lauttasaari,75,79,572
Lauttasaari,80,84,535
Lauttasaari,85,89,383
Lauttasaari,90,94,182
Lauttasaari,95,96,48
Kotkavuori,0,1,108
Kotkavuori,1,2,98
Kotkavuori,2,3,90
Kotkavuori,3,4,76
Kotkavuori,4,5,99
Kotkavuori,5,6,77
Kotkavuori,6,7,95
Kotkavuori,7,8,87
Kotkavuori,8,9,56
Kotkavuori,9,10,72
Kotkavuori,10,11,66
Kotkavuori,11,12,59
Kotkavuori,12,13,55
Kotkavuori,13,14,49
Kotkavuori,14,15,42
Kotkavuori,15,16,46
Kotkavuori,16,17,43
Kotkavuori,17,18,39
Kotkavuori,18,19,35
Kotkavuori,19,20,49
Kotkavuori,20,24,549
Kotkavuori,25,29,1052
Kotkavuori,30,34,981
Kotkavuori,35,39,830
Kotkavuori,40,44,617
Kotkavuori,45,49,425
Kotkavuori,50,54,390
Kotkavuori,55,59,337
Kotkavuori,60,64,320
Kotkavuori,65,69,348
Kotkavuori,70,74,396
Kotkavuori,75,79,256
Kotkavuori,80,84,154
Kotkavuori,85,89,131
Kotkavuori,90,94,79
Kotkavuori,95,96,23
Vattuniemi,0,1,108
Vattuniemi,1,2,105
Vattuniemi,2,3,119
Vattuniemi,3,4,92
Vattuniemi,4,5,107
Vattuniemi,5,6,112
Vattuniemi,6,7,97
Vattuniemi,7,8,89
Vattuniemi,8,9,91
Vattuniemi,9,10,67
Vattuniemi,10,11,97
Vattuniemi,11,12,71
Vattuniemi,12,13,88
Vattuniemi,13,14,71
Vattuniemi,14,15,60
Vattuniemi,15,16,67
Vattuniemi,16,17,49
Vattuniemi,17,18,54
Vattuniemi,18,19,50
Vattuniemi,19,20,46
Vattuniemi,20,24,297
Vattuniemi,25,29,673
Vattuniemi,30,34,804
Vattuniemi,35,39,820
Vattuniemi,40,44,700
Vattuniemi,45,49,494
Vattuniemi,50,54,516
Vattuniemi,55,59,469
Vattuniemi,60,64,465
Vattuniemi,65,69,479
Vattuniemi,70,74,620
Vattuniemi,75,79,328
Vattuniemi,80,84,197
Vattuniemi,85,89,137
Vattuniemi,90,94,45
Vattuniemi,95,96,12
Myllykallio,0,1,81
Myllykallio,1,2,80
Myllykallio,2,3,74
Myllykallio,3,4,70
Myllykallio,4,5,77
Myllykallio,5,6,75
Myllykallio,6,7,85
Myllykallio,7,8,80
Myllykallio,8,9,78
Myllykallio,9,10,93
Myllykallio,10,11,71
Myllykallio,11,12,78
Myllykallio,12,13,72
Myllykallio,13,14,65
Myllykallio,14,15,61
Myllykallio,15,16,48
Myllykallio,16,17,55
Myllykallio,17,18,47
Myllykallio,18,19,43
Myllykallio,19,20,56
Myllykallio,20,24,407
Myllykallio,25,29,717
Myllykallio,30,34,738
Myllykallio,35,39,688
Myllykallio,40,44,615
Myllykallio,45,49,439
Myllykallio,50,54,395
Myllykallio,55,59,369
Myllykallio,60,64,374
Myllykallio,65,69,330
Myllykallio,70,74,387
Myllykallio,75,79,214
Myllykallio,80,84,111
Myllykallio,85,89,94
Myllykallio,90,94,49
Myllykallio,95,96,12